year,day,northern_hemisphere_area
2006,001,13034723.95
2006,002,13034723.95
2006,003,13170663.24
2006,004,13409715.53
2006,005,13416779.12
2006,006,13465566.44
2006,007,13510769.37
2006,008,13536736.84
2006,009,13536887.64
2006,010,13505426.35
2006,011,13493030.93
2006,012,13493030.93
2006,013,13513349.8
2006,014,13446924.78
2006,015,13308863.85
2006,016,13308863.85
2006,017,13308863.85
2006,018,13414238.85
2006,019,13437394.9
2006,020,13430368.56
2006,021,13533704.79
2006,022,13575997.45
2006,023,13643554.58
2006,024,13473190.23
2006,025,13473190.23
2006,026,13471592.91
2006,027,13601277.31
2006,028,13764859.5
2006,029,13766950.31
2006,030,13799695.17
2006,031,13905098.26
2006,032,13906557.62
2006,033,13978947.47
2006,034,14001933.55
2006,035,14209969.82
2006,036,14209969.82
2006,037,14217715.78
2006,038,14223734.97
2006,039,14293137.81
2006,040,14316360.87
2006,041,14318694.47
2006,042,14318694.47
2006,043,14318694.47
2006,044,14318694.47
2006,045,14419406.63
2006,046,14390608.19
2006,047,14385274.98
2006,048,14343494.84
2006,049,14284763.92
2006,050,14251848.81
2006,051,14208997.11
2006,052,14267903.84
2006,053,14269497.4
2006,054,14364861.21
2006,055,14393577.95
2006,056,14318116.65
2006,057,14186303.18
2006,058,14148071.86
2006,059,14148071.86
2006,060,14148071.86
2006,061,14337126.9
2006,062,14492767.96
2006,063,14450996.68
2006,064,14470394.89
2006,065,14451366.55
2006,066,14430295.45
2006,067,14501336.61
2006,068,14657762.14
2006,069,14663037.37
2006,070,14658085.45
2006,071,14619463.3
2006,072,14558798.23
2006,073,14552593.44
2006,074,14464224.71
2006,075,14420678.51
2006,076,14390903.07
2006,077,14396487.57
2006,078,14400460.74
2006,079,14362340.06
2006,080,14340618.25
2006,081,14375551.74
2006,082,14170962.9
2006,083,14093756.68
2006,084,14101094.41
2006,085,14096421.19
2006,086,13905727.16
2006,087,13879569.42
2006,088,13897099.65
2006,089,13887329.3
2006,090,13913402.38
2006,091,13821470.47
2006,092,13773963.11
2006,093,13871914.6
2006,094,13919667.22
2006,095,13927356.78
2006,096,13886668.46
2006,097,13890838.61
2006,098,13893350.83
2006,099,13893350.83
2006,100,13899916.38
2006,101,13904429.76
2006,102,13750470.85
2006,103,13540317.62
2006,104,13582590.94
2006,105,13589226.38
2006,106,13634473.65
2006,107,13652724.36
2006,108,13600265.38
2006,109,13570689.29
2006,110,13569634.95
2006,111,13515043.63
2006,112,13490483.24
2006,113,13480808.64
2006,114,13480808.64
2006,115,13453298.18
2006,116,13358967.77
2006,117,13322129.51
2006,118,13315000.18
2006,119,13275931.83
2006,120,13093261.68
2006,121,13037926.73
2006,122,12886411.52
2006,123,12707060.12
2006,124,12659205.35
2006,125,12644810.92
2006,126,12585110.26
2006,127,12489983.77
2006,128,12440578.87
2006,129,12467737.3
2006,130,12364767.46
2006,131,12372705.84
2006,132,12401667.82
2006,133,12281470.68
2006,134,12268171.77
2006,135,12243998.02
2006,136,12157814.19
2006,137,12157814.19
2006,138,12050782.06
2006,139,12030429.86
2006,140,12058322.8
2006,141,11970767.65
2006,142,11854728.87
2006,143,11862106.46
2006,144,11680261.01
2006,145,11672621.57
2006,146,11674801.26
2006,147,11637016.26
2006,148,11630047.63
2006,149,11581421.43
2006,150,11452060.28
2006,151,11425615.79
2006,152,11391134.02
2006,153,11405611.05
2006,154,11377056.28
2006,155,11391380.14
2006,156,11251567.67
2006,157,11142423.63
2006,158,11086860.85
2006,159,11185332.47
2006,160,11217799.28
2006,161,11189980.11
2006,162,11167739.43
2006,163,11156611.03
2006,164,11110286.63
2006,165,11076412.25
2006,166,11007552.35
2006,167,10982661.12
2006,168,10892916.06
2006,169,10769677.6
2006,170,10731595.27
2006,171,10700605.7
2006,172,10709754.48
2006,173,10712809.66
2006,174,10692374.53
2006,175,10383411.74
2006,176,10292564.23
2006,177,10302614.61
2006,178,10286835.25
2006,179,10156365.51
2006,180,10137813.1
2006,181,9993762.36
2006,182,9652642.84
2006,183,9591759.2
2006,184,9495440.83
2006,185,9374397.25
2006,186,9331983.72
2006,187,9199009.88
2006,188,9095139.97
2006,189,8933536.13
2006,190,8921039.5
2006,191,8658246.94
2006,192,8689526.12
2006,193,8614545.83
2006,194,8623118.46
2006,195,8525764.87
2006,196,8425421.74
2006,197,8421938.62
2006,198,8390619.43
2006,199,8370345.07
2006,200,8271589.95
2006,201,8218819.09
2006,202,8184969.29
2006,203,8185435.82
2006,204,8122086.81
2006,205,8077954.3
2006,206,8053451.9
2006,207,7972024.15
2006,208,7934558.58
2006,209,7839372.48
2006,210,7824149.94
2006,211,7732473.28
2006,212,7529146.99
2006,213,7277332.35
2006,214,7265294.25
2006,215,7150697.94
2006,216,7128033.19
2006,217,7022326.93
2006,218,7022326.93
2006,219,6967796.19
2006,220,6936081.9
2006,221,6914858.83
2006,222,6806327.15
2006,223,6799242.68
2006,224,6810403.57
2006,225,6808876.16
2006,226,6819627.2
2006,227,6784650.61
2006,228,6774130.08
2006,229,6758559.84
2006,230,6751692.76
2006,231,6609319.41
2006,232,6582880.18
2006,233,6479190.95
2006,234,6408450.46
2006,235,6204695.21
2006,236,6100495.72
2006,237,6041561.2
2006,238,6045046.89
2006,239,6059857.1
2006,240,6025615.17
2006,241,6047924.82
2006,242,6047312.98
2006,243,5978056.39
2006,244,5966309.22
2006,245,5883756.13
2006,246,5852403.54
2006,247,5859627.64
2006,248,5849786.76
2006,249,5905479.97
2006,250,5872325.63
2006,251,5843516.56
2006,252,5922984.47
2006,253,5946864.0
2006,254,5938290.26
2006,255,5926351.55
2006,256,5873703.73
2006,257,5845788.78
2006,258,5772384.41
2006,259,5726093.93
2006,260,5721093.18
2006,261,5719209.1
2006,262,5847815.6
2006,263,5848261.03
2006,264,5848261.03
2006,265,5794561.6
2006,266,5699948.34
2006,267,5640540.95
2006,268,5760463.94
2006,269,5733235.2
2006,270,5849376.08
2006,271,5834564.58
2006,272,5820352.67
2006,273,5822519.19
2006,274,5847716.99
2006,275,5825865.3
2006,276,5830863.93
2006,277,5806022.46
2006,278,5841135.97
2006,279,6105093.62
2006,280,6105093.62
2006,281,6105093.62
2006,282,6138432.29
2006,283,6138612.52
2006,284,6258238.55
2006,285,6276781.55
2006,286,6707406.24
2006,287,6704947.67
2006,288,7121362.18
2006,289,7377121.79
2006,290,7494583.2
2006,291,7578038.51
2006,292,7604966.5
2006,293,7604966.5
2006,294,7983646.56
2006,295,8017966.08
2006,296,8077265.22
2006,297,8077265.22
2006,298,8401398.33
2006,299,8528589.79
2006,300,8622120.22
2006,301,8635649.32
2006,302,8677776.92
2006,303,8757552.28
2006,304,8781134.75
2006,305,8876644.72
2006,306,8901900.44
2006,307,8901900.44
2006,308,9214478.91
2006,309,9261361.39
2006,310,9210294.92
2006,311,9241452.29
2006,312,9321420.6
2006,313,9313719.95
2006,314,9420158.96
2006,315,9487817.13
2006,316,9487817.13
2006,317,9492816.06
2006,318,9481930.6
2006,319,9637322.15
2006,320,9710296.93
2006,321,9849793.71
2006,322,9849793.71
2006,323,9862791.93
2006,324,9849214.25
2006,325,9805904.48
2006,326,9805904.48
2006,327,9919379.86
2006,328,9937935.62
2006,329,9922820.17
2006,330,9930446.4
2006,331,10082505.53
2006,332,10082505.53
2006,333,10052084.21
2006,334,10050585.32
2006,335,10325217.61
2006,336,10366376.47
2006,337,10472337.57
2006,338,10623413.88
2006,339,10705296.9
2006,340,11162205.16
2006,341,11197491.4
2006,342,11204571.67
2006,343,11343541.28
2006,344,11505723.53
2006,345,11642336.41
2006,346,11792218.26
2006,347,11815204.23
2006,348,11875387.52
2006,349,11881264.74
2006,350,11916404.73
2006,351,11943622.15
2006,352,12031055.54
2006,353,12121521.8
2006,354,12121521.8
2006,355,12148183.47
2006,356,12201665.4
2006,357,12202254.15
2006,358,12717421.2
2006,359,12802571.32
2006,360,12885124.69
2006,361,12885124.69
2006,362,12852716.67
2006,363,12909968.79
2006,364,12917144.74
2007,001,12991511.65
2007,002,12980750.67
2007,003,13202392.27
2007,004,13203715.35
2007,005,13213392.23
2007,006,13283669.23
2007,007,13324064.1
2007,008,13388518.7
2007,009,13371846.22
2007,010,13334597.96
2007,011,13377886.28
2007,012,13343065.78
2007,013,13364282.31
2007,014,13474079.14
2007,015,13516466.44
2007,016,13535689.49
2007,017,13717748.39
2007,018,13836751.71
2007,019,13900724.85
2007,020,13902399.13
2007,021,14067472.73
2007,022,14174720.45
2007,023,14199166.31
2007,024,14290045.24
2007,025,14384147.63
2007,026,14501669.27
2007,027,14575537.77
2007,028,14545768.45
2007,029,14636285.21
2007,030,14470812.04
2007,031,14518802.4
2007,032,14410530.41
2007,033,14484167.12
2007,034,14516092.81
2007,035,14551811.4
2007,036,14568146.44
2007,037,14470033.62
2007,038,14571838.75
2007,039,14537812.65
2007,040,14611958.88
2007,041,14671627.52
2007,042,14632508.41
2007,043,14604310.83
2007,044,14564662.8
2007,045,14628709.52
2007,046,14680641.98
2007,047,14599693.9
2007,048,14634293.59
2007,049,14771328.67
2007,050,14701579.24
2007,051,14815304.31
2007,052,14793032.18
2007,053,14810687.41
2007,054,14823859.36
2007,055,14823859.36
2007,056,14818901.25
2007,057,14772905.15
2007,058,14663251.84
2007,059,14705466.59
2007,060,14821483.16
2007,061,14730249.15
2007,062,14705011.69
2007,063,14665490.76
2007,064,14668624.9
2007,065,14665134.56
2007,066,14676202.64
2007,067,14698188.62
2007,068,14761003.71
2007,069,14888564.78
2007,070,14896404.25
2007,071,14880256.37
2007,072,14882088.45
2007,073,14907125.15
2007,074,14768415.84
2007,075,14785497.57
2007,076,14763908.94
2007,077,14671571.1
2007,078,14627827.05
2007,079,14607628.95
2007,080,14547396.93
2007,081,14552411.13
2007,082,14440566.99
2007,083,14412818.77
2007,084,14346714.91
2007,085,14350715.97
2007,086,14343918.79
2007,087,14286564.87
2007,088,14350031.45
2007,089,14381477.9
2007,090,14222915.93
2007,091,14158467.48
2007,092,14116828.52
2007,093,14077973.56
2007,094,14110320.1
2007,095,14105353.3
2007,096,14063600.17
2007,097,13970062.01
2007,098,14036841.23
2007,099,14004782.21
2007,100,14014348.45
2007,101,13979255.4
2007,102,13847762.95
2007,103,13861140.63
2007,104,13862996.35
2007,105,13588722.1
2007,106,13578065.2
2007,107,13541145.05
2007,108,13548092.05
2007,109,13542118.57
2007,110,13627327.25
2007,111,13653183.06
2007,112,13562814.61
2007,113,13589576.97
2007,114,13443343.3
2007,115,13213058.5
2007,116,13140346.05
2007,117,13153285.15
2007,118,13166887.54
2007,119,13190300.49
2007,120,13108068.21
2007,121,13126955.26
2007,122,13108614.84
2007,123,13103833.67
2007,124,13084887.26
2007,125,13057841.28
2007,126,12949920.91
2007,127,12954670.99
2007,128,12792741.79
2007,129,12813860.99
2007,130,12792875.28
2007,131,12659149.55
2007,132,12531825.33
2007,133,12512816.98
2007,134,12465424.87
2007,135,12431927.77
2007,136,12353016.05
2007,137,12273314.64
2007,138,12228250.87
2007,139,12214798.63
2007,140,12195153.44
2007,141,12114406.6
2007,142,12052235.52
2007,143,12051445.56
2007,144,12035185.21
2007,145,12029128.85
2007,146,11968940.95
2007,147,11912658.88
2007,148,11886248.94
2007,149,11862177.03
2007,150,11819613.57
2007,151,11846658.93
2007,152,11846713.98
2007,153,11835081.17
2007,154,11784727.79
2007,155,11540944.94
2007,156,11502136.64
2007,157,11405688.03
2007,158,11404656.71
2007,159,11316498.45
2007,160,11271237.11
2007,161,11173528.02
2007,162,11171281.17
2007,163,11089271.35
2007,164,11010921.6
2007,165,10959202.44
2007,166,10917349.38
2007,167,10770621.08
2007,168,10771154.93
2007,169,10645474.89
2007,170,10562883.58
2007,171,10452459.32
2007,172,10396908.24
2007,173,10269405.34
2007,174,10222885.99
2007,175,10302603.35
2007,176,10276213.84
2007,177,10252569.16
2007,178,10195305.66
2007,179,10034293.09
2007,180,9743747.63
2007,181,9672969.36
2007,182,9379951.31
2007,183,9269301.11
2007,184,9271010.33
2007,185,9250519.24
2007,186,9248194.44
2007,187,9246217.06
2007,188,8841115.91
2007,189,8818775.64
2007,190,8732145.79
2007,191,8638843.83
2007,192,8534659.38
2007,193,8456692.01
2007,194,8358306.1
2007,195,8355280.14
2007,196,8354527.21
2007,197,7963047.01
2007,198,7800167.8
2007,199,7742213.99
2007,200,7618028.81
2007,201,7591799.69
2007,202,7497931.72
2007,203,7485121.83
2007,205,7085699.84
2007,206,7058607.03
2007,207,7011117.95
2007,208,6854321.99
2007,209,6721125.57
2007,210,6458303.38
2007,211,6491073.74
2007,212,6344859.92
2007,213,6344859.92
2007,214,6393203.55
2007,215,6201315.36
2007,216,6206720.11
2007,217,6219162.89
2007,218,5977645.88
2007,219,5734905.3
2007,220,5616569.09
2007,221,5658628.48
2007,222,5691926.78
2007,223,5690646.21
2007,224,5719689.98
2007,225,5700158.1
2007,226,5727936.77
2007,227,5673110.13
2007,228,5640240.11
2007,229,5673531.49
2007,230,5585838.26
2007,231,5520453.8
2007,232,5500156.33
2007,233,5471733.39
2007,234,5388003.83
2007,235,5309869.62
2007,236,5217246.74
2007,237,5231374.87
2007,238,5223538.92
2007,239,5181297.8
2007,240,5006189.96
2007,241,4916182.47
2007,242,4869024.58
2007,243,4827898.67
2007,244,4525135.85
2007,245,4823941.78
2007,246,4803588.54
2007,247,4757059.64
2007,248,4751075.84
2007,249,4748840.66
2007,250,4634469.95
2007,251,4467770.99
2007,252,4396579.95
2007,253,4397277.94
2007,254,4349612.04
2007,255,4277469.55
2007,256,4252941.33
2007,257,4241625.58
2007,258,4243731.53
2007,259,4150313.6
2007,260,4045775.9
2007,261,3986945.93
2007,262,4024209.91
2007,263,4128629.3
2007,264,4129308.17
2007,265,4129308.17
2007,266,4185741.26
2007,267,4076997.66
2007,268,4025905.53
2007,269,4059090.74
2007,270,4023569.49
2007,271,4136297.78
2007,272,4076884.53
2007,273,4086882.82
2007,274,4196873.42
2007,275,4198161.74
2007,276,4545631.43
2007,277,4543388.0
2007,278,4560836.14
2007,279,4565410.46
2007,280,4661329.59
2007,281,4653543.85
2007,282,4794178.18
2007,283,4882569.01
2007,284,5134886.17
2007,285,5173627.89
2007,286,5264035.73
2007,287,5409341.01
2007,288,5431349.56
2007,289,5685365.23
2007,290,5685747.5
2007,291,5769764.79
2007,292,5843361.46
2007,293,5843361.46
2007,294,6223040.82
2007,295,6284692.53
2007,296,6874259.65
2007,297,7006130.17
2007,298,7113030.03
2007,299,7113030.03
2007,300,7260125.09
2007,301,7217625.44
2007,302,7296080.94
2007,303,8088367.66
2007,304,8175072.15
2007,305,8219831.48
2007,306,8504658.35
2007,307,8652856.08
2007,308,8708000.28
2007,309,8708000.28
2007,310,8962217.68
2007,311,9115329.08
2007,312,9185571.85
2007,313,9185571.85
2007,314,9212307.15
2007,315,9349469.68
2007,316,9614002.93
2007,317,9680799.12
2007,318,9686389.91
2007,319,9737614.15
2007,320,9824193.23
2007,321,9825296.38
2007,322,9892565.18
2007,323,10047234.83
2007,324,10069798.69
2007,325,10088437.58
2007,326,10184426.2
2007,327,10323881.02
2007,328,10323881.02
2007,329,10339456.55
2007,330,10397541.15
2007,331,10519626.57
2007,332,10821036.99
2007,333,10547407.72
2007,334,11009948.45
2007,335,10951119.38
2007,336,10853632.38
2007,337,10853632.38
2007,338,10853632.38
2007,339,10853632.38
2007,340,11369431.39
2007,341,10895496.19
2007,342,10963264.23
2007,343,11058487.33
2007,344,11296441.67
2007,345,11257223.9
2007,346,11322399.24
2007,347,11428287.51
2007,348,11501915.24
2007,349,12000124.0
2007,350,12020028.33
2007,351,12107783.0
2007,352,12165422.8
2007,353,12307798.33
2007,354,12478511.91
2007,355,12521037.27
2007,356,12623283.25
2007,357,12660585.53
2007,358,12666713.78
2007,359,12777965.13
2007,360,12858955.13
2007,361,12930920.54
2007,362,12948973.79
2007,363,12950488.99
2007,364,13049737.0
2008,001,13223374.5
2008,002,13188502.05
2008,003,13282062.29
2008,004,13320374.88
2008,005,13357212.15
2008,006,13381195.79
2008,007,13392404.11
2008,008,13483002.17
2008,009,13513343.81
2008,010,13561231.18
2008,011,13615165.99
2008,012,13687707.92
2008,013,13720129.69
2008,014,13900463.35
2008,015,13889117.64
2008,016,13920462.06
2008,018,14002631.03
2008,019,14057859.8
2008,020,14128766.75
2008,021,14039895.57
2008,022,14275164.13
2008,023,14381268.17
2008,024,14497874.65
2008,025,14541443.39
2008,026,14625275.59
2008,027,14679463.24
2008,028,14740856.57
2008,029,14786785.82
2008,030,14793288.64
2008,031,14788948.75
2008,032,14719045.07
2008,033,14892533.65
2008,034,14947511.24
2008,035,14945647.02
2008,036,14992878.65
2008,037,15053756.13
2008,038,15027169.03
2008,039,15021043.39
2008,040,15057948.37
2008,041,15067087.87
2008,042,15025127.05
2008,043,15141194.06
2008,044,15141194.06
2008,045,15141194.06
2008,046,15095989.46
2008,047,15168776.25
2008,048,15203581.51
2008,049,15254544.5
2008,050,15053601.67
2008,051,15090270.66
2008,052,15025308.5
2008,053,15269738.53
2008,054,15025308.5
2008,055,15400606.25
2008,056,15394594.64
2008,057,15415467.35
2008,058,15369992.22
2008,059,15381216.95
2008,060,15558100.37
2008,061,15522783.39
2008,062,15454098.86
2008,063,15455377.59
2008,064,15452323.35
2008,065,15452323.35
2008,066,15452323.35
2008,067,15452323.35
2008,068,15469438.13
2008,069,15492062.01
2008,070,15612837.65
2008,071,15651176.27
2008,072,15661926.25
2008,073,15489768.48
2008,074,15482300.64
2008,075,15399694.58
2008,076,15304976.33
2008,077,15320727.92
2008,078,15338838.38
2008,079,15350118.09
2008,080,15298498.41
2008,081,15292801.03
2008,082,15287634.38
2008,083,15347594.49
2008,084,15353992.04
2008,085,15349813.5
2008,086,15333351.47
2008,087,15368451.68
2008,088,15291446.81
2008,089,15207574.82
2008,090,15227495.69
2008,091,15199901.16
2008,092,15243336.36
2008,093,15223755.72
2008,094,15112227.56
2008,095,15039181.88
2008,096,15052601.66
2008,097,15039975.73
2008,098,15033741.93
2008,099,14988930.96
2008,100,14970941.9
2008,101,14937990.3
2008,102,14980210.73
2008,103,14972906.37
2008,104,14764602.47
2008,105,14671398.02
2008,106,14586605.79
2008,107,14560729.33
2008,108,14540358.69
2008,109,14489386.7
2008,110,14427674.56
2008,111,14367198.89
2008,112,14276486.84
2008,113,14218679.43
2008,114,14060511.17
2008,115,14012259.6
2008,116,13939682.08
2008,117,13893174.4
2008,118,13795927.49
2008,119,13797414.56
2008,120,13767871.86
2008,121,13711483.12
2008,122,13607912.72
2008,123,13573824.91
2008,124,13595196.42
2008,125,13563885.53
2008,126,13516352.8
2008,127,13397851.39
2008,128,13332999.57
2008,129,13233054.9
2008,130,13172037.01
2008,131,13107499.93
2008,132,13114305.01
2008,133,13059296.87
2008,134,12995847.16
2008,135,12941665.75
2008,136,12914955.09
2008,137,12920289.22
2008,138,12868467.23
2008,139,12807785.84
2008,140,12792592.91
2008,141,12699196.09
2008,142,12598283.43
2008,143,12482923.4
2008,144,12488260.94
2008,145,12463504.89
2008,146,12372531.81
2008,147,12333741.35
2008,148,12272971.69
2008,149,12152557.19
2008,150,12059160.2
2008,151,12054192.98
2008,152,11983286.0
2008,153,11959475.65
2008,154,11962747.83
2008,155,11951847.57
2008,156,11891443.22
2008,157,11799554.55
2008,158,11799373.75
2008,159,11734213.67
2008,160,11618042.98
2008,161,11482922.91
2008,162,11348601.13
2008,163,11338079.75
2008,164,11293853.98
2008,165,11278043.41
2008,166,11285337.05
2008,167,11186826.08
2008,168,11164603.27
2008,169,11054393.89
2008,170,10895801.66
2008,171,10891050.89
2008,172,10813487.1
2008,173,10805874.33
2008,174,10764973.01
2008,175,10738585.6
2008,176,10719196.47
2008,177,10615937.35
2008,178,10402838.42
2008,179,10405059.73
2008,180,10336832.21
2008,181,10245770.95
2008,182,10109403.46
2008,183,9991872.68
2008,184,9972878.38
2008,185,9938410.89
2008,186,9825106.71
2008,187,9806909.14
2008,188,9717115.79
2008,189,9585316.03
2008,190,9477504.58
2008,191,9401683.96
2008,192,9434650.48
2008,193,9360959.74
2008,194,9347573.6
2008,195,9239983.22
2008,196,9173805.69
2008,197,9007576.55
2008,198,8981419.75
2008,199,8918486.26
2008,200,8843209.62
2008,201,8754066.58
2008,202,8710332.38
2008,203,8629454.41
2008,204,8555820.59
2008,205,8370757.25
2008,206,8248718.87
2008,207,8128168.51
2008,208,7950184.69
2008,209,7886379.15
2008,210,7688166.21
2008,211,7607978.02
2008,212,7573307.06
2008,213,7488773.76
2008,214,7492645.04
2008,215,7445313.9
2008,216,7269099.99
2008,217,7295863.05
2008,218,7220564.24
2008,219,7134190.11
2008,220,7062457.2
2008,221,6957847.31
2008,222,6937044.9
2008,223,6911904.57
2008,224,6670124.78
2008,225,6620382.08
2008,226,6562216.74
2008,227,6587116.16
2008,228,6347021.57
2008,229,6307474.27
2008,230,6252762.12
2008,231,6044479.71
2008,232,5944781.73
2008,233,5802940.78
2008,234,5792197.93
2008,235,5745923.32
2008,236,5536127.94
2008,237,5438002.96
2008,238,5402259.66
2008,239,5385606.47
2008,240,5306143.52
2008,241,5108069.16
2008,242,4966910.56
2008,243,4940767.93
2008,244,4939124.3
2008,245,4744731.98
2008,246,4562905.42
2008,247,4328474.65
2008,248,4608851.34
2008,249,4603309.01
2008,250,4436194.06
2008,251,4341943.12
2008,252,4357965.23
2008,253,4464844.63
2008,254,4518674.56
2008,255,4389966.22
2008,256,4331569.55
2008,257,4339292.86
2008,258,4357900.97
2008,259,4337223.65
2008,260,4299079.01
2008,261,4321251.17
2008,262,4360452.58
2008,263,4352920.51
2008,264,4242875.08
2008,265,4223400.12
2008,266,4284092.92
2008,267,4296260.65
2008,268,4297076.97
2008,269,4345594.34
2008,270,4402167.29
2008,271,4562166.77
2008,272,4562166.77
2008,273,4582874.75
2008,274,4602653.66
2008,275,4735969.54
2008,276,4744699.11
2008,277,4806603.86
2008,278,4805849.8
2008,279,4799515.2
2008,280,5382634.35
2008,281,5374520.28
2008,282,5373346.62
2008,283,5393601.72
2008,284,6172973.77
2008,285,6215947.53
2008,286,6352885.07
2008,287,6560719.58
2008,288,6659006.65
2008,289,6659006.65
2008,290,7085566.45
2008,291,7407939.2
2008,292,7496569.2
2008,293,7762192.56
2008,294,7845932.69
2008,295,7945912.09
2008,296,8116918.8
2008,297,8370355.32
2008,298,8480864.07
2008,299,8577187.24
2008,300,8663703.3
2008,301,8814695.33
2008,302,8932859.03
2008,303,9104019.69
2008,304,9203081.27
2008,305,9352302.41
2008,306,9460381.81
2008,307,9406461.54
2008,308,9363217.08
2008,309,9451818.16
2008,310,9451818.16
2008,311,9632594.97
2008,312,9632594.97
2008,313,9632594.97
2008,314,10036830.72
2008,315,10116530.1
2008,316,10135561.05
2008,317,10238294.35
2008,318,10200602.04
2008,319,10256726.24
2008,320,10246540.11
2008,321,10239135.76
2008,322,10341214.07
2008,323,10406767.93
2008,324,10605461.62
2008,325,10625417.67
2008,326,10701386.86
2008,327,10700909.7
2008,328,10700909.7
2008,329,10813122.53
2008,330,10967655.51
2008,331,11052107.08
2008,332,11139887.67
2008,333,11173622.15
2008,334,11277426.03
2008,335,11327099.62
2008,336,11407367.2
2008,337,11427838.34
2008,338,11493790.55
2008,339,11646598.98
2008,340,11710992.05
2008,341,11736266.27
2008,342,11893802.97
2008,343,12005213.33
2008,344,12177697.48
2008,345,12243900.13
2008,346,12429230.53
2008,347,12451493.93
2008,348,12369538.99
2008,349,12374000.77
2008,350,12376452.66
2008,351,12342210.46
2008,352,12411014.2
2008,353,12413869.74
2008,354,12480600.45
2008,355,12475642.28
2008,356,12591270.68
2008,357,12650899.38
2008,358,12790298.6
2008,359,12861250.88
2008,360,12894319.88
2008,361,12916465.66
2008,362,12817370.2
2008,363,12891587.34
2008,364,12979157.64
2008,365,13040061.74
2009,001,13148324.95
2009,002,13186099.29
2009,003,13236362.89
2009,004,13297622.15
2009,005,13361162.33
2009,006,13341261.34
2009,007,13542017.58
2009,008,13603516.55
2009,009,13634338.27
2009,010,13721115.7
2009,011,13707821.31
2009,012,13868099.2
2009,013,13947320.27
2009,014,14172435.2
2009,015,14290380.02
2009,016,14343934.95
2009,017,14215675.61
2009,018,14170863.37
2009,019,14264604.05
2009,020,14312685.34
2009,021,14312611.74
2009,022,14308651.25
2009,023,14323349.4
2009,024,14389571.03
2009,025,14398447.95
2009,026,14483003.16
2009,027,14397361.08
2009,028,14392222.18
2009,029,14428919.29
2009,030,14334618.82
2009,031,14558698.25
2009,032,14581026.48
2009,033,14616122.06
2009,034,14631860.54
2009,035,14616845.3
2009,036,14707809.56
2009,037,14798857.13
2009,038,14877735.68
2009,039,14925721.56
2009,040,14982978.97
2009,041,15081773.48
2009,042,15077891.08
2009,043,14928672.49
2009,044,14882042.79
2009,045,14887748.98
2009,046,14955934.61
2009,047,14972461.94
2009,048,15011357.03
2009,049,15030638.29
2009,050,15057545.61
2009,051,14916775.79
2009,052,14968476.47
2009,053,14907715.98
2009,054,14664187.33
2009,055,14724171.3
2009,056,14920506.76
2009,057,14986651.26
2009,058,15049939.83
2009,060,15205652.17
2009,061,15276634.76
2009,062,15326130.68
2009,063,15227553.38
2009,064,15182221.15
2009,065,15232697.63
2009,066,15189465.34
2009,067,15132919.33
2009,068,14977429.11
2009,069,14940531.28
2009,070,14871785.56
2009,071,14831946.47
2009,072,14819396.45
2009,073,14940526.2
2009,074,14907873.81
2009,075,14958741.97
2009,076,15024662.7
2009,077,15028584.16
2009,078,15081428.53
2009,079,15066491.17
2009,080,15009125.49
2009,081,15001188.96
2009,082,14999399.48
2009,083,14988768.05
2009,084,15006645.53
2009,086,15036899.99
2009,087,15046066.8
2009,088,15034633.5
2009,089,14943962.34
2009,091,14871980.93
2009,103,14601240.13
2009,104,14539687.77
2009,105,14582923.44
2009,106,14494465.72
2009,107,14482430.46
2009,108,14398425.2
2009,109,14316529.7
2009,110,14278329.29
2009,111,14313800.65
2009,112,14283259.62
2009,113,14217191.3
2009,114,14175219.08
2009,115,14197061.95
2009,116,14193536.95
2009,117,14016474.6
2009,118,13939564.89
2009,119,13914547.32
2009,121,13979515.1
2009,122,13888149.91
2009,123,13818215.21
2009,124,13900824.37
2009,125,13900064.97
2009,126,13827766.55
2009,127,13752627.56
2009,128,13682105.66
2009,129,13570084.33
2009,130,13499440.18
2009,131,13398114.17
2009,132,13214263.62
2009,133,13209569.76
2009,134,13161793.12
2009,135,13128379.74
2009,136,13115648.26
2009,137,13080107.6
2009,138,13025767.79
2009,139,12794719.01
2009,140,12795325.91
2009,141,12829810.36
2009,142,12814281.25
2009,143,12749072.85
2009,144,12553304.45
2009,145,12528292.44
2009,146,12419992.21
2009,147,12203115.33
2009,148,12198490.94
2009,149,12145093.1
2009,150,12088380.39
2009,152,11921568.85
2009,153,11928378.59
2009,154,11898784.01
2009,155,11762381.61
2009,156,11679847.19
2009,157,11599997.04
2009,158,11545585.79
2009,159,11454152.44
2009,160,11390493.12
2009,161,11486806.87
2009,162,11430314.61
2009,163,11386659.69
2009,164,11355878.88
2009,165,11271805.01
2009,166,11215387.63
2009,167,11151495.6
2009,168,11139398.55
2009,169,11011849.49
2009,170,10914817.26
2009,171,10803648.84
2009,172,10683972.27
2009,173,10548087.02
2009,174,10449039.39
2009,175,10478855.11
2009,176,10439044.35
2009,177,10313283.86
2009,178,10291751.04
2009,179,10263077.16
2009,180,10213732.92
2009,182,10145205.12
2009,183,10083182.81
2009,184,9984255.75
2009,185,9827048.78
2009,186,9716013.01
2009,187,9460848.39
2009,188,9412760.45
2009,189,9266861.04
2009,190,9226344.22
2009,191,9158963.4
2009,192,9094791.59
2009,193,9012642.23
2009,194,8969388.06
2009,195,8873869.28
2009,196,8783874.86
2009,197,8734314.74
2009,198,8614860.32
2009,199,8271273.11
2009,200,8146381.23
2009,201,8115465.98
2009,202,8030362.1
2009,203,7841172.39
2009,204,7792832.32
2009,205,7686886.88
2009,206,7627504.8
2009,207,7606625.38
2009,208,7440816.22
2009,209,7253486.41
2009,210,7175244.43
2009,211,7068473.91
2009,213,6920948.74
2009,214,6904652.67
2009,215,6792141.14
2009,216,6766370.56
2009,217,6748716.1
2009,218,6665315.53
2009,219,6691201.97
2009,220,6671622.54
2009,221,6649893.15
2009,222,6611168.49
2009,223,6587069.84
2009,224,6381154.36
2009,225,6381873.28
2009,226,6314750.22
2009,227,6252291.3
2009,228,6248679.09
2009,229,6247918.53
2009,230,6176506.15
2009,231,6075966.22
2009,232,6059481.86
2009,233,5991520.31
2009,234,5930315.72
2009,235,5821241.16
2009,236,5733468.59
2009,237,5699100.8
2009,238,5631306.9
2009,239,5587387.86
2009,240,5589409.32
2009,241,5512034.79
2009,242,5505201.15
2009,244,5232777.05
2009,245,5246162.98
2009,246,5262122.36
2009,247,5225510.91
2009,248,5152412.45
2009,249,5083539.4
2009,250,5030275.29
2009,251,5053934.81
2009,252,5070590.25
2009,253,4967004.46
2009,254,4871392.35
2009,255,4890237.21
2009,256,4932217.4
2009,257,4925975.64
2009,258,4878529.8
2009,259,5026831.47
2009,260,4942343.35
2009,261,4966583.11
2009,262,5044307.76
2009,263,5101447.44
2009,264,5097435.2
2009,265,5119253.76
2009,266,5147480.62
2009,267,5109584.53
2009,268,5127278.44
2009,269,5109412.83
2009,270,5159065.73
2009,271,5395152.48
2009,272,5462941.92
2009,274,5486142.19
2009,275,5521554.19
2009,276,5562145.95
2009,277,5542217.37
2009,278,5533564.13
2009,279,5725865.03
2009,280,5717106.12
2009,281,5780743.3
2009,282,5792566.98
2009,283,5983415.0
2009,284,6184955.0
2009,285,6543286.57
2009,286,6613234.39
2009,287,6726560.52
2009,288,6794187.64
2009,289,6917080.62
2009,290,6959579.72
2009,291,7061459.34
2009,292,7331922.7
2009,293,7449817.56
2009,294,7489480.76
2009,295,7690023.31
2009,296,7792855.72
2009,297,7859657.89
2009,298,7826305.26
2009,299,7957772.6
2009,300,8142930.68
2009,301,8342435.16
2009,302,8442674.28
2009,303,8500958.83
2009,305,9041268.61
2009,306,9092164.88
2009,307,9136216.42
2009,308,9175595.14
2009,309,9195396.41
2009,310,9408109.76
2009,311,9350674.51
2009,312,9303518.21
2009,313,9469534.25
2009,314,9635574.15
2009,315,9593062.32
2009,316,9684599.83
2009,317,9686359.68
2009,318,9687969.97
2009,319,9795001.72
2009,320,10093747.16
2009,321,10221267.64
2009,322,10320218.45
2009,323,10390344.56
2009,324,10352875.93
2009,325,10443768.0
2009,326,10572664.86
2009,327,10701148.73
2009,328,10893726.59
2009,329,10940649.45
2009,330,10987376.16
2009,331,11159494.29
2009,332,11143921.36
2009,333,11132643.93
2009,335,11326105.53
2009,336,11421095.85
2009,337,11445923.92
2009,338,11513421.36
2009,339,11608436.31
2009,340,11588691.68
2009,341,11616575.15
2009,342,11589036.94
2009,343,11711129.17
2009,344,11691955.08
2009,345,11707863.12
2009,346,11902719.98
2009,347,12010917.33
2009,348,12119071.18
2009,349,12264983.81
2009,350,12451264.38
2009,351,12534346.75
2009,352,12597560.25
2009,353,12608412.66
2009,354,12585670.07
2009,355,12793865.9
2009,356,12905793.18
2009,357,12888853.45
2009,358,12903074.82
2009,359,12869197.96
2009,360,12942365.71
2009,361,13003476.28
2009,362,13150854.03
2009,363,13171088.26
2009,364,13200602.5
2010,001,13150849.7
2010,002,13279894.76
2010,003,13365951.59
2010,004,13301174.77
2010,005,13414507.79
2010,006,13448054.29
2010,007,13618377.6
2010,008,13662457.55
2010,009,13630299.63
2010,011,13779043.77
2010,012,13890768.61
2010,013,13933747.13
2010,014,13920413.56
2010,015,13946011.68
2010,016,13942617.65
2010,017,13930234.56
2010,018,13985629.82
2010,019,14014675.25
2010,020,14137860.94
2010,021,14037032.96
2010,022,13972865.83
2010,023,14109853.22
2010,024,14188616.5
2010,025,14113859.69
2010,026,14144252.49
2010,027,14235432.84
2010,028,14202680.46
2010,029,14201963.3
2010,030,14210907.99
2010,032,14429313.24
2010,033,14502558.07
2010,034,14542786.02
2010,035,14547552.44
2010,036,14543136.92
2010,037,14567085.96
2010,038,14439970.39
2010,039,14516599.12
2010,040,14526883.3
2010,041,14647449.05
2010,042,14542260.72
2010,043,14540189.2
2010,044,14778008.34
2010,045,14858858.19
2010,046,14799750.3
2010,047,14799591.78
2010,048,14942516.65
2010,049,15112418.77
2010,050,15122385.27
2010,051,14968416.96
2010,052,14871088.43
2010,053,15075465.35
2010,054,15148561.96
2010,055,15066823.52
2010,056,15052155.66
2010,057,14918406.24
2010,058,14997633.55
2010,059,15021579.12
2010,060,15002229.02
2010,061,15015073.3
2010,062,15140640.29
2010,063,15210497.29
2010,064,15247793.55
2010,065,15239091.87
2010,066,15264648.36
2010,067,15249698.83
2010,068,15168500.87
2010,069,15184954.72
2010,070,15300392.96
2010,071,15225464.42
2010,072,15326232.11
2010,073,15312917.66
2010,074,15318093.5
2010,075,15302422.54
2010,076,15331134.79
2010,077,15396877.99
2010,078,15345503.84
2010,079,15153882.71
2010,080,15085529.15
2010,081,15074479.21
2010,082,15078331.28
2010,083,15113824.97
2010,084,15079795.47
2010,085,15041005.68
2010,086,15185455.8
2010,087,15226109.12
2010,088,15187946.08
2010,089,15137903.59
2010,090,15157156.25
2010,091,15281220.71
2010,092,15305660.9
2010,093,15289768.59
2010,094,15231091.35
2010,095,15155723.39
2010,096,15078641.97
2010,097,15112834.82
2010,098,15049089.44
2010,099,15033562.28
2010,100,14921101.97
2010,101,14770519.18
2010,102,14618631.44
2010,103,14473922.11
2010,104,14431972.88
2010,105,14634228.86
2010,106,14683190.98
2010,107,14672841.86
2010,108,14679082.36
2010,109,14675521.25
2010,110,14507574.05
2010,111,14435418.61
2010,112,14358987.05
2010,113,14398943.28
2010,114,14294653.84
2010,115,14196810.0
2010,116,14249159.41
2010,117,14123569.61
2010,118,14015369.77
2010,119,14049444.43
2010,120,13866383.84
2010,121,13879947.26
2010,122,13848584.22
2010,123,13680237.91
2010,124,13532167.51
2010,125,13424896.4
2010,126,13279898.1
2010,127,13250699.99
2010,128,13249400.46
2010,129,13236504.41
2010,130,13222683.07
2010,131,13157431.7
2010,132,12966468.12
2010,133,12826212.83
2010,134,12753109.87
2010,135,12721179.05
2010,136,12704581.37
2010,137,12617378.04
2010,138,12612603.15
2010,139,12406125.01
2010,140,12365871.22
2010,141,12241782.07
2010,142,12170911.12
2010,143,12116133.96
2010,144,12077519.39
2010,145,12024001.85
2010,146,11846520.5
2010,147,11747951.68
2010,148,11644338.08
2010,149,11706346.38
2010,150,11710349.02
2010,151,11591888.62
2010,152,11517109.08
2010,153,11383502.09
2010,154,11370678.0
2010,155,11341657.16
2010,156,11281462.45
2010,157,11250840.66
2010,158,11191442.56
2010,159,11138009.73
2010,160,10922258.36
2010,161,10998762.0
2010,162,10921629.17
2010,163,10802389.73
2010,164,10766075.44
2010,165,10660384.61
2010,166,10534076.98
2010,167,10324144.79
2010,168,10442434.87
2010,169,10316089.09
2010,170,10216450.73
2010,171,10187673.49
2010,172,10116796.42
2010,173,9976826.56
2010,174,9847400.12
2010,175,9813445.94
2010,176,9825265.75
2010,177,9698793.45
2010,178,9583652.98
2010,179,9469409.98
2010,180,9335550.75
2010,182,9155833.71
2010,183,9023373.47
2010,184,8938622.07
2010,185,8867860.71
2010,186,8794896.59
2010,187,8746565.84
2010,188,8655266.12
2010,189,8663202.8
2010,190,8635987.95
2010,191,8531336.75
2010,192,8456172.34
2010,193,8408982.81
2010,194,8348579.3
2010,195,8327153.18
2010,196,8218111.52
2010,197,8251825.38
2010,198,8167863.42
2010,199,8083893.03
2010,200,7956455.25
2010,201,7856624.49
2010,202,7709147.45
2010,203,7729114.46
2010,204,7661275.77
2010,205,7567146.65
2010,206,7456926.32
2010,207,7363104.8
2010,208,7261469.32
2010,209,7115713.0
2010,210,7034322.55
2010,211,7006718.53
2010,212,7004379.16
2010,213,6829709.98
2010,214,6800520.42
2010,215,6747082.86
2010,216,6600268.59
2010,217,6516709.56
2010,218,6402195.83
2010,219,6426340.17
2010,220,6427624.15
2010,221,6326294.13
2010,222,6180847.91
2010,223,6074682.31
2010,224,6043222.41
2010,225,5980208.16
2010,226,5940485.68
2010,227,5905257.29
2010,228,5839599.99
2010,229,5801122.55
2010,230,5659879.47
2010,231,5687798.04
2010,232,5701892.25
2010,233,5651485.51
2010,234,5560092.06
2010,235,5519624.34
2010,236,5492771.76
2010,237,5434302.12
2010,238,5487392.73
2010,239,5452170.92
2010,240,5385094.61
2010,241,5363242.03
2010,242,5408749.09
2010,243,5416354.37
2010,244,5334962.88
2010,245,5337346.74
2010,246,5335869.08
2010,247,5265455.21
2010,248,5161481.02
2010,249,5100098.95
2010,250,5041274.84
2010,251,4988520.12
2010,252,4981639.2
2010,253,5024041.39
2010,254,5039645.03
2010,255,5100536.45
2010,256,5066930.91
2010,257,4996302.27
2010,258,4958283.87
2010,259,4923029.83
2010,260,4909306.78
2010,261,4841422.87
2010,262,4821244.15
2010,263,4721849.28
2010,264,4734525.23
2010,265,4719094.97
2010,266,4716943.6
2010,267,4743581.76
2010,268,4728124.13
2010,269,4837296.57
2010,270,4948504.77
2010,271,5040628.3
2010,272,5199916.15
2010,273,5280551.89
2010,274,5277664.15
2010,275,5452785.26
2010,276,5545787.13
2010,277,5671014.39
2010,278,5681390.78
2010,279,5705775.46
2010,280,5762505.95
2010,281,5806609.9
2010,282,6003343.72
2010,283,6097384.75
2010,284,6377051.74
2010,285,6442208.46
2010,286,6663079.49
2010,287,6732130.1
2010,288,6788210.1
2010,289,6973851.73
2010,290,7048922.28
2010,291,7239132.23
2010,292,7375937.88
2010,293,7482612.59
2010,294,7590720.9
2010,295,7638443.09
2010,296,7720062.32
2010,297,7736154.14
2010,298,7771253.81
2010,299,7843991.14
2010,300,8033690.94
2010,301,8074680.1
2010,302,8139777.64
2010,303,8210177.0
2010,304,8326904.79
2010,305,8506714.87
2010,306,8732462.34
2010,307,8903395.8
2010,308,8974110.59
2010,309,9052792.51
2010,310,9114558.67
2010,311,9167214.66
2010,312,9298306.93
2010,313,9363916.34
2010,314,9401218.5
2010,315,9422816.81
2010,316,9589280.49
2010,317,9674421.68
2010,318,9700499.22
2010,319,9730434.5
2010,320,9865683.83
2010,321,9891859.86
2010,322,9933319.66
2010,323,9961827.2
2010,324,10047065.91
2010,325,10060656.77
2010,326,10157674.13
2010,327,10176094.29
2010,328,10179208.84
2010,329,10351215.08
2010,330,10399335.17
2010,331,10499749.56
2010,332,10578581.34
2010,333,10695716.13
2010,334,10769997.16
2010,335,10740896.47
2010,336,10843384.42
2010,337,10887647.76
2010,338,11037228.6
2010,339,11199847.96
2010,340,11294594.42
2010,341,11393514.05
2010,342,11430375.42
2010,343,11511444.66
2010,344,11660716.55
2010,345,11782312.81
2010,346,11879412.07
2010,347,11914379.03
2010,348,11996703.27
2010,349,12053173.54
2010,350,12206478.43
2010,351,12218181.99
2010,352,12232135.18
2010,353,12191271.34
2010,354,12191774.62
2010,355,12185103.89
2010,356,12257117.73
2010,357,12338348.9
2010,358,12460338.15
2010,359,12518538.73
2010,360,12533460.11
2010,361,12513486.87
2010,362,12582914.94
2010,363,12656605.26
2010,364,12700558.83
2010,365,12873153.74
2011,001,12897837.93
2011,002,13028489.28
2011,003,13036954.85
2011,004,13168642.61
2011,005,13134988.57
2011,006,13251274.14
2011,007,13275362.5
2011,008,13275796.08
2011,009,13312321.0
2011,010,13220723.24
2011,011,13212790.83
2011,012,13264480.96
2011,013,13325965.31
2011,014,13437414.59
2011,015,13597489.37
2011,016,13701203.95
2011,017,13675888.51
2011,018,13597396.96
2011,019,13519656.45
2011,020,13518603.6
2011,021,13548776.25
2011,022,13760188.91
2011,023,13801733.63
2011,025,13830172.57
2011,026,13970696.86
2011,027,14033992.6
2011,028,14055108.56
2011,029,14232480.41
2011,030,14429127.86
2011,031,14412772.94
2011,032,14470040.37
2011,033,14376675.64
2011,034,14366101.12
2011,035,14360698.31
2011,036,14497060.71
2011,037,14556924.32
2011,038,14465181.93
2011,039,14509238.62
2011,041,14525654.34
2011,042,14655813.39
2011,043,14561479.38
2011,044,14357430.69
2011,045,14604430.84
2011,046,14810078.4
2011,047,14719658.38
2011,048,14700529.26
2011,049,14754248.85
2011,050,14823655.67
2011,051,14843592.59
2011,052,14792957.07
2011,053,14686339.13
2011,054,14694521.67
2011,055,14767223.98
2011,056,14669532.7
2011,057,14601161.73
2011,058,14582079.17
2011,059,14616114.97
2011,060,14596200.83
2011,061,14587190.66
2011,062,14786961.96
2011,063,14868898.11
2011,064,14792430.57
2011,065,14844532.69
2011,066,15031170.78
2011,067,15110021.96
2011,068,15079435.76
2011,069,14937518.73
2011,070,14912877.25
2011,071,15018781.35
2011,072,15081804.89
2011,073,14788912.97
2011,074,14808174.71
2011,075,14816812.46
2011,076,14814494.74
2011,077,14950734.8
2011,078,14799772.91
2011,079,14739140.92
2011,080,14535653.27
2011,081,14463906.99
2011,082,14552426.65
2011,083,14649228.14
2011,084,14801408.8
2011,085,14706316.22
2011,086,14830941.21
2011,087,14989484.92
2011,088,15002206.76
2011,089,14754807.18
2011,090,14664859.46
2011,091,14626760.0
2011,092,14859743.5
2011,093,14913484.21
2011,094,14907644.98
2011,095,14543365.9
2011,096,14680461.99
2011,097,14519504.24
2011,098,14272063.27
2011,099,14463536.51
2011,100,14534094.1
2011,101,14626445.23
2011,102,14594491.62
2011,103,14255286.37
2011,104,14259942.98
2011,105,14284567.76
2011,106,14123551.28
2011,107,14039609.8
2011,108,14196798.67
2011,109,14241229.25
2011,110,14283505.61
2011,111,13909567.91
2011,112,13814770.5
2011,113,13780915.45
2011,114,13724729.77
2011,115,13767500.83
2011,116,13607281.4
2011,117,13569953.16
2011,118,13656389.92
2011,119,13699702.21
2011,120,13522543.26
2011,121,13509299.4
2011,122,13359497.3
2011,123,13306002.18
2011,124,13297814.96
2011,125,13196597.67
2011,126,13227091.95
2011,127,13134441.15
2011,128,13031274.6
2011,129,13154752.1
2011,130,13356796.75
2011,131,12985588.89
2011,132,12921919.27
2011,133,12871792.51
2011,134,12884786.2
2011,135,12885609.1
2011,136,12684883.59
2011,137,12625002.42
2011,138,12430758.97
2011,139,12564369.66
2011,140,12462159.1
2011,141,12317352.13
2011,142,12253701.49
2011,143,12261275.92
2011,144,12105241.44
2011,145,12048799.79
2011,146,12028936.33
2011,147,12016920.84
2011,148,11886294.78
2011,149,11885992.36
2011,150,11922476.28
2011,151,11903351.76
2011,152,11671261.09
2011,153,11586873.54
2011,154,11505189.76
2011,155,11539674.51
2011,156,11590939.99
2011,157,11505652.9
2011,158,11352977.42
2011,159,11079709.23
2011,160,11182113.86
2011,161,11221341.72
2011,162,11002890.51
2011,163,10988558.74
2011,164,10756029.95
2011,165,10649607.33
2011,166,10524432.9
2011,167,10592351.84
2011,168,10521330.78
2011,169,10551430.53
2011,170,10523999.5
2011,171,10613621.59
2011,172,10604402.31
2011,173,10209070.95
2011,174,10238516.81
2011,175,10282612.01
2011,176,10017704.97
2011,177,9752528.49
2011,178,9710964.35
2011,179,9712849.67
2011,180,9461605.23
2011,181,9340424.24
2011,182,9304871.19
2011,183,9346219.67
2011,184,9383257.01
2011,185,9417726.2
2011,186,9095320.08
2011,187,8833081.99
2011,188,8824781.74
2011,189,8752287.44
2011,190,8525217.51
2011,191,8415956.72
2011,192,8468794.65
2011,193,8490688.89
2011,194,8128143.75
2011,195,7865181.96
2011,196,7795394.6
2011,197,7928193.37
2011,198,7977317.84
2011,199,7834045.11
2011,200,7692946.01
2011,201,7391811.59
2011,202,7443813.56
2011,203,7444630.03
2011,204,7348294.53
2011,205,7363642.19
2011,206,7076220.38
2011,207,6952141.9
2011,208,6959039.69
2011,209,6895118.35
2011,210,6874977.17
2011,211,6765707.65
2011,212,6575197.59
2011,213,6653769.61
2011,214,6666271.11
2011,215,6621282.25
2011,216,6591775.86
2011,217,6572789.72
2011,218,6448342.61
2011,219,6349808.45
2011,220,6294284.23
2011,221,6230654.16
2011,222,6150544.93
2011,223,5910330.77
2011,224,5765185.02
2011,225,5812134.26
2011,226,5819746.3
2011,227,5840525.95
2011,228,5731351.1
2011,229,5698374.65
2011,230,5673334.14
2011,231,5616574.87
2011,232,5532621.69
2011,233,5459973.75
2011,234,5409825.75
2011,235,5371809.2
2011,236,5268199.3
2011,237,5216622.92
2011,238,5142344.07
2011,239,5086116.56
2011,240,4931552.16
2011,241,4889458.95
2011,242,4872569.48
2011,243,4737839.0
2011,244,4796030.69
2011,245,4814883.03
2011,246,4773314.0
2011,247,4771808.11
2011,248,4721211.9
2011,249,4574806.62
2011,250,4471219.54
2011,251,4498285.52
2011,252,4490119.41
2011,253,4379015.8
2011,254,4340200.37
2011,255,4384417.83
2011,256,4398319.58
2011,257,4302977.96
2011,258,4376414.02
2011,259,4438944.27
2011,260,4448432.66
2011,261,4517832.94
2011,262,4489877.96
2011,263,4466166.68
2011,264,4419957.86
2011,265,4384406.95
2011,266,4366778.63
2011,267,4451923.91
2011,268,4486031.33
2011,269,4478143.88
2011,270,4473357.22
2011,271,4543725.0
2011,272,4614874.61
2011,273,4645470.16
2011,274,4660408.93
2011,275,4712659.34
2011,276,5073447.43
2011,277,5143056.48
2011,278,5122307.5
2011,279,5044151.98
2011,280,5062792.14
2011,281,5417718.41
2011,282,5560363.65
2011,283,5560027.25
2011,284,5597912.05
2011,285,5673091.83
2011,286,5793760.01
2011,287,5935272.69
2011,288,5998435.93
2011,289,6067592.3
2011,290,6199558.58
2011,291,6289275.43
2011,292,6312741.32
2011,293,6535545.95
2011,294,6561045.17
2011,295,6895930.07
2011,296,7281219.51
2011,297,7411957.41
2011,298,7577233.86
2011,299,7708156.01
2011,300,7884277.21
2011,301,8098578.06
2011,302,8262361.66
2011,303,8488946.84
2011,304,8632119.4
2011,305,8726026.1
2011,306,8764763.39
2011,307,9072277.13
2011,308,9185508.62
2011,309,9370776.46
2011,310,9413246.65
2011,311,9408617.79
2011,312,9332776.88
2011,313,9365083.02
2011,314,9281697.8
2011,315,9394993.01
2011,316,9498866.29
2011,317,9529147.97
2011,318,9592241.91
2011,319,9705142.74
2011,320,9947188.96
2011,321,9980481.46
2011,322,10040582.93
2011,323,10110974.5
2011,324,10189147.5
2011,325,10341606.07
2011,326,10463906.24
2011,327,10500086.34
2011,328,10598028.37
2011,329,10721480.0
2011,330,10785110.35
2011,331,10897076.37
2011,332,10927869.52
2011,333,11004829.46
2011,334,11026222.2
2011,335,11166105.79
2011,336,11109531.86
2011,337,11192490.42
2011,338,11284077.23
2011,339,11468363.69
2011,340,11619171.47
2011,341,11665850.92
2011,342,11734870.01
2011,343,11778097.87
2011,344,11921065.11
2011,345,12026078.05
2011,346,12086393.76
2011,347,12196105.9
2011,348,12239444.94
2011,349,12380916.93
2011,350,12409822.12
2011,351,12448690.06
2011,352,12579186.47
2011,353,12535054.04
2011,354,12523242.31
2011,355,12523539.9
2011,356,12734292.98
2011,357,12869249.3
2011,358,12861766.1
2011,359,12885457.38
2011,360,12954471.57
2011,361,13046360.42
2011,362,13058005.16
2011,363,13049267.58
2011,364,13215460.24
2011,365,13444755.08
2012,001,13570792.67
2012,002,13583116.01
2012,003,13644169.46
2012,004,13596913.05
2012,005,13611800.63
2012,006,13665570.19
2012,007,13717142.87
2012,008,13792446.1
2012,009,13846312.49
2012,010,13852940.64
2012,011,13883180.8
2012,012,13952634.36
2012,013,14068924.86
2012,014,14053324.34
2012,015,14031548.55
2012,016,14081493.57
2012,017,14031604.99
2012,018,14037208.16
2012,019,13993068.07
2012,020,13947987.09
2012,021,14106225.55
2012,022,14238964.03
2012,023,14285928.59
2012,024,14295552.39
2012,025,14294028.98
2012,026,14417121.59
2012,027,14473661.04
2012,028,14323703.58
2012,029,14321042.36
2012,030,14303661.85
2012,031,14329545.07
2012,032,14402004.36
2012,033,14364220.58
2012,034,14401850.96
2012,035,14377912.88
2012,036,14393047.19
2012,037,14533075.63
2012,038,14669671.52
2012,039,14753669.57
2012,040,14683812.26
2012,041,14639830.44
2012,042,14807855.51
2012,043,14960888.26
2012,044,14964084.17
2012,045,14972604.94
2012,046,14985349.38
2012,047,15088183.8
2012,048,15276702.63
2012,049,15095664.56
2012,050,15066328.53
2012,051,15072366.34
2012,052,15057048.72
2012,053,15036571.39
2012,054,15053624.88
2012,055,15171314.73
2012,056,15137146.85
2012,057,15080599.86
2012,058,15395236.24
2012,059,15555192.45
2012,060,15383554.35
2012,061,15623278.07
2012,062,15690106.61
2012,063,15546776.87
2012,064,15514451.28
2012,065,15617640.1
2012,066,15630025.7
2012,067,15526152.35
2012,068,15516188.85
2012,069,15436602.89
2012,070,15422260.06
2012,071,15485169.4
2012,072,15469040.24
2012,073,15438577.12
2012,074,15426664.63
2012,075,15582561.89
2012,076,15806605.27
2012,077,15617102.06
2012,078,15580507.2
2012,079,15631087.27
2012,080,15794124.03
2012,081,15756599.33
2012,082,15821891.32
2012,083,15709276.27
2012,084,15342879.16
2012,085,15347670.8
2012,086,15405401.9
2012,087,15436752.76
2012,088,15471304.43
2012,089,15520502.54
2012,090,15493103.77
2012,091,15435531.1
2012,092,15370640.78
2012,093,15463400.63
2012,094,15461114.94
2012,095,15448022.16
2012,096,15421783.55
2012,097,15253549.4
2012,098,15069455.9
2012,099,15069455.9
2012,100,15026813.54
2012,101,15026819.71
2012,102,14951182.35
2012,103,14971339.72
2012,104,14960660.51
2012,105,14855303.71
2012,106,14786493.54
2012,107,14945603.46
2012,108,14958862.92
2012,109,14962335.36
2012,110,14899715.11
2012,111,14949414.53
2012,112,14950790.2
2012,113,14990231.06
2012,114,14925807.7
2012,115,14915510.37
2012,116,14798959.24
2012,117,14590235.11
2012,118,14507236.3
2012,119,14391576.49
2012,120,14340090.51
2012,121,14148681.14
2012,122,13961495.34
2012,123,13787039.43
2012,124,13779196.6
2012,125,13673978.14
2012,126,13651712.54
2012,127,13450073.6
2012,128,13469405.23
2012,129,13524587.12
2012,130,13358781.46
2012,131,13235392.35
2012,132,13240020.31
2012,133,13301310.55
2012,134,13293552.78
2012,135,13036578.02
2012,136,12833905.46
2012,137,12966147.54
2012,138,12884765.26
2012,139,12826889.97
2012,140,12858071.0
2012,141,12652480.82
2012,142,12527977.76
2012,143,12591587.09
2012,144,12488972.69
2012,145,12463082.67
2012,146,12481507.71
2012,147,12456574.5
2012,148,12385283.36
2012,149,12284061.31
2012,150,12222103.86
2012,151,11978452.81
2012,152,11959187.79
2012,153,11898330.71
2012,154,11826011.76
2012,155,11752121.93
2012,156,11762478.32
2012,157,11692390.5
2012,158,11669046.92
2012,159,11523953.21
2012,160,11379103.14
2012,161,11131662.39
2012,162,11136819.37
2012,163,11015693.92
2012,164,10861936.41
2012,165,10732412.89
2012,166,10688409.99
2012,167,10632547.36
2012,168,10573533.35
2012,169,10498916.35
2012,170,10439387.19
2012,171,10452328.12
2012,172,10415163.17
2012,173,10371337.35
2012,174,10268962.39
2012,175,10099434.7
2012,176,10042970.52
2012,177,10101342.57
2012,178,10039064.91
2012,179,9856895.79
2012,180,9722319.32
2012,181,9568222.59
2012,182,9512211.36
2012,183,9485087.45
2012,184,9347491.45
2012,185,9319849.85
2012,186,9197524.78
2012,187,9133841.04
2012,188,8985423.31
2012,189,8959141.54
2012,190,8893951.51
2012,191,8772919.85
2012,192,8628244.64
2012,193,8453762.93
2012,194,8408408.59
2012,195,8346869.28
2012,196,8194516.48
2012,197,8073348.45
2012,198,8065072.77
2012,199,7974366.67
2012,200,7730205.04
2012,201,7518057.35
2012,202,7558862.39
2012,203,7550164.76
2012,204,7412750.94
2012,205,7373590.59
2012,206,7344549.42
2012,207,7127365.33
2012,208,6935144.86
2012,209,6873522.62
2012,210,6897292.39
2012,211,6850391.79
2012,212,6769457.44
2012,213,6657158.69
2012,214,6503888.13
2012,215,6558378.42
2012,216,6499522.69
2012,217,6498851.02
2012,218,6471961.2
2012,219,6421379.67
2012,220,6384857.77
2012,221,6308909.23
2012,222,6119555.87
2012,223,6102354.16
2012,224,6158597.87
2012,225,6149315.82
2012,226,5963224.88
2012,227,5984255.47
2012,228,5786062.28
2012,229,5769006.87
2012,230,5749069.19
2012,231,5413683.03
2012,232,5161003.23
2012,233,5017962.17
2012,234,4999105.23
2012,235,5278249.56
2012,236,5012112.93
2012,237,5044215.77
2012,238,4912251.89
2012,239,4707732.66
2012,240,4488836.34
2012,241,4259834.21
2012,242,4093971.42
2012,243,4129427.84
2012,244,4122141.18
2012,245,4027497.41
2012,246,3935061.38
2012,247,3863517.58
2012,248,3773682.77
2012,249,3686199.43
2012,251,3596055.18
2012,253,3697579.39
2012,254,3604995.96
2012,255,3548738.23
2012,256,3456695.22
2012,257,3487628.4
2012,258,3529012.32
2012,259,3452809.48
2012,260,3398785.21
2012,261,3520791.45
2012,262,3544682.16
2012,263,3438433.28
2012,264,3368882.08
2012,265,3386857.67
2012,266,3433794.18
2012,267,3567217.05
2012,268,3552818.42
2012,269,3702507.61
2012,270,3711409.88
2012,271,3744126.72
2012,272,3774705.0
2012,273,3792541.01
2012,274,3794482.27
2012,275,3896818.41
2012,276,3980242.05
2012,277,3990326.34
2012,278,4056123.19
2012,279,4046734.95
2012,280,4168214.08
2012,281,4255816.74
2012,282,4265633.97
2012,283,4460729.94
2012,284,4511721.98
2012,285,4545226.6
2012,286,4597508.13
2012,287,4757659.51
2012,288,4888275.17
2012,289,5219774.95
2012,290,5582340.01
2012,291,5840872.27
2012,292,6050674.96
2012,293,6347340.41
2012,294,6519216.51
2012,295,6612177.55
2012,296,6709910.34
2012,297,7027386.99
2012,298,7197845.53
2012,299,7201440.48
2012,300,7342059.27
2012,301,7422310.7
2012,302,7590248.33
2012,303,7717641.27
2012,304,7835594.86
2012,305,7990980.98
2012,306,8077816.82
2012,307,8119348.7
2012,308,8256633.43
2012,309,8417170.18
2012,310,8551454.45
2012,311,8693632.74
2012,312,8823593.56
2012,313,8956412.83
2012,314,8968488.35
2012,315,9094073.1
2012,316,9140399.39
2012,317,9173057.17
2012,318,9309423.63
2012,319,9415989.03
2012,320,9497273.08
2012,321,9594026.75
2012,322,9813413.14
2012,323,9918732.1
2012,324,10063111.62
2012,325,10090101.33
2012,326,10215376.58
2012,327,10225863.36
2012,328,10417128.1
2012,329,10443811.91
2012,330,10574941.44
2012,331,10676726.97
2012,332,10722746.58
2012,333,10785211.22
2012,334,10833039.1
2012,335,11005105.59
2012,336,11083020.69
2012,337,11153813.41
2012,338,11313933.07
2012,339,11438852.76
2012,340,11569390.84
2012,341,11700117.01
2012,342,11686260.27
2012,343,11653133.18
2012,344,11789209.88
2012,345,11934023.79
2012,346,12104544.02
2012,347,12222115.66
2012,348,12277759.41
2012,349,12265761.46
2012,350,12301980.05
2012,351,12320040.17
2012,352,12319140.33
2012,353,12575598.62
2012,354,12603698.21
2012,355,12799058.19
2012,356,12873131.5
2012,357,12691378.59
2012,358,12748007.73
2012,359,12968773.42
2012,360,13042013.95
2012,361,13085292.76
2012,362,13118989.97
2012,363,13251220.02
2012,364,13391736.9
2012,365,13420749.76
2012,366,13471801.15
2013,001,13492252.13
2013,002,13462738.24
2013,003,13381143.54
2013,004,13360664.36
2013,005,13598507.0
2013,006,13754348.71
2013,007,13775231.34
2013,008,13862218.65
2013,009,13768701.22
2013,010,13846932.67
2013,011,13865866.08
2013,012,13847804.71
2013,013,13951550.38
2013,014,14182384.31
2013,015,14192352.06
2013,016,14248185.68
2013,017,14191146.54
2013,018,14238958.34
2013,019,14276549.62
2013,020,14330845.25
2013,021,14282655.88
2013,022,14298899.27
2013,023,14284103.27
2013,024,14338429.01
2013,025,14406187.24
2013,026,14663031.66
2013,027,14605786.79
2013,028,14696587.9
2013,029,14731384.45
2013,030,14626072.58
2013,031,14712930.71
2013,032,14739309.8
2013,033,14702575.71
2013,034,14779357.64
2013,035,14771848.8
2013,036,14779851.08
2013,037,14848929.74
2013,038,14833816.09
2013,039,14871270.19
2013,040,14931323.77
2013,041,15015409.01
2013,042,14996542.99
2013,043,15027840.5
2013,044,14976208.74
2013,045,15126560.01
2013,046,15198789.96
2013,047,15264377.8
2013,048,15241562.0
2013,049,15116705.0
2013,050,15038407.61
2013,051,14951641.77
2013,052,15001865.78
2013,053,14989539.88
2013,054,15119332.61
2013,055,15161510.6
2013,056,15336645.49
2013,057,15398519.27
2013,058,15330921.02
2013,059,15424814.94
2013,060,15465505.24
2013,061,15467112.72
2013,062,15410820.8
2013,063,15464997.78
2013,064,15306963.3
2013,065,15105803.72
2013,066,15162511.75
2013,067,15146048.34
2013,068,15390674.65
2013,069,15337303.93
2013,070,15323292.81
2013,071,15386224.93
2013,072,15273274.42
2013,073,15505010.03
2013,074,15461448.78
2013,075,15427879.25
2013,076,15362564.28
2013,077,15358368.79
2013,078,15348243.66
2013,079,15241605.08
2013,080,15180254.61
2013,081,15153589.8
2013,082,15206729.02
2013,083,15206884.87
2013,084,15193142.36
2013,085,15177175.51
2013,086,15081636.49
2013,087,15064694.58
2013,088,15129589.35
2013,089,15089869.08
2013,090,15101327.22
2013,091,15152175.83
2013,092,15140364.39
2013,093,15079885.08
2013,094,15044679.7
2013,095,14987778.87
2013,096,14952269.8
2013,097,14959705.69
2013,098,15001426.22
2013,099,15039128.75
2013,100,14741577.56
2013,101,14868189.83
2013,102,14839675.23
2013,103,14798655.78
2013,104,14709769.99
2013,105,14648589.94
2013,106,14562040.1
2013,107,14240461.87
2013,108,14246050.49
2013,109,14371833.0
2013,110,14356205.12
2013,111,14363873.04
2013,112,14332682.81
2013,113,14217545.26
2013,114,14036702.19
2013,115,14014057.25
2013,116,13968222.9
2013,117,13992435.32
2013,118,13874872.59
2013,119,13813429.46
2013,120,13770093.41
2013,121,13510985.32
2013,122,13622213.06
2013,123,13645586.81
2013,124,13764337.98
2013,125,13856300.47
2013,126,13611626.27
2013,127,13606685.65
2013,128,13514067.54
2013,129,13557735.27
2013,130,13554672.77
2013,131,13502720.9
2013,132,13432850.07
2013,133,13510546.45
2013,134,13367592.22
2013,135,13284745.34
2013,136,13207014.93
2013,137,13014457.02
2013,138,13045845.68
2013,139,13016155.01
2013,140,12916968.38
2013,141,12925305.83
2013,142,12724752.29
2013,143,12752063.32
2013,144,12806076.32
2013,145,12783670.76
2013,146,12728723.02
2013,147,12719399.4
2013,148,12647240.88
2013,149,12368778.03
2013,150,12368510.2
2013,151,12344245.81
2013,152,12379219.4
2013,153,12326192.54
2013,154,12212349.85
2013,155,12135317.65
2013,156,12016980.69
2013,157,12042886.61
2013,158,11988934.0
2013,159,11967667.69
2013,160,11961040.57
2013,161,11914433.74
2013,162,11711714.67
2013,163,11493997.02
2013,164,11409805.06
2013,165,11311725.63
2013,166,11209979.77
2013,167,11195888.89
2013,168,11262132.01
2013,169,11224188.93
2013,170,11124819.34
2013,171,11120263.9
2013,172,11047735.08
2013,173,11049510.49
2013,174,11059042.07
2013,175,10999453.85
2013,176,10803778.84
2013,177,10519747.88
2013,178,10434796.1
2013,179,10467199.53
2013,180,10305873.79
2013,181,10190032.33
2013,182,10091513.15
2013,183,10054221.17
2013,184,9888731.57
2013,185,9873737.46
2013,186,9621719.56
2013,187,9658835.39
2013,188,9623896.88
2013,189,9484024.33
2013,190,9321250.39
2013,191,9136641.97
2013,192,8889242.41
2013,193,8709276.64
2013,194,8495923.95
2013,195,8476573.01
2013,196,8426567.18
2013,197,8261275.78
2013,198,8079942.77
2013,199,8135920.36
2013,200,8109406.86
2013,201,7902609.35
2013,202,7781785.91
2013,203,7806841.68
2013,204,7792034.66
2013,205,7626872.79
2013,206,7564086.03
2013,207,7559291.31
2013,208,7556818.58
2013,209,7511459.23
2013,210,7445216.21
2013,211,7353445.92
2013,212,7234879.05
2013,213,7216850.06
2013,214,7159748.98
2013,215,7066512.51
2013,216,6982198.12
2013,217,6990130.92
2013,218,6974972.08
2013,219,6754854.97
2013,220,6723042.31
2013,221,6528327.55
2013,222,6532706.53
2013,223,6573147.82
2013,224,6409706.34
2013,225,6309972.52
2013,226,6181065.87
2013,227,6164430.71
2013,228,6152427.95
2013,229,6086595.81
2013,230,6048472.76
2013,231,6032969.42
2013,232,6001926.72
2013,233,5860633.35
2013,234,5825561.75
2013,235,5762317.92
2013,236,5814935.33
2013,237,5798972.81
2013,238,5709659.53
2013,239,5659469.35
2013,240,5559450.1
2013,241,5504078.49
2013,242,5319528.1
2013,243,5263955.35
2013,244,5217289.33
2013,245,5133141.57
2013,246,5186565.14
2013,247,5086981.29
2013,248,5070911.27
2013,249,5094599.83
2013,250,5089116.41
2013,251,5055414.43
2013,252,5017928.78
2013,253,5015152.09
2013,254,4968291.96
2013,255,4807515.36
2013,256,4781480.47
2013,257,4799039.18
2013,258,4794906.75
2013,259,4723139.0
2013,260,4677324.53
2013,261,4693440.22
2013,262,4978652.46
2013,263,4991408.27
2013,264,4912143.73
2013,265,4954758.47
2013,266,5120845.64
2013,267,5184941.9
2013,268,5255549.95
2013,269,5465570.0
2013,270,5455844.1
2013,271,5577732.46
2013,272,5646060.87
2013,273,5739534.95
2013,274,5863511.03
2013,275,5920381.28
2013,276,5876826.49
2013,277,5790799.92
2013,278,5813467.35
2013,279,6359435.95
2013,280,6174403.56
2013,281,6203880.83
2013,282,6529588.06
2013,283,6832811.75
2013,284,7019946.4
2013,285,7182690.59
2013,286,7384360.51
2013,287,7508786.87
2013,288,7493749.1
2013,289,7653279.74
2013,290,7971077.18
2013,291,8063580.48
2013,292,7993489.35
2013,293,8002549.56
2013,294,8161267.61
2013,295,8395899.31
2013,296,8413941.21
2013,297,8549210.29
2013,298,8682555.77
2013,299,8842160.22
2013,300,8958693.95
2013,301,8961575.73
2013,302,9042811.41
2013,303,9132389.66
2013,304,9200645.66
2013,305,9201276.83
2013,306,9431404.01
2013,307,9497215.04
2013,308,9591628.0
2013,309,9543918.23
2013,310,9539914.02
2013,311,9532990.16
2013,312,9574771.72
2013,313,9691291.83
2013,314,9870308.18
2013,315,9855778.71
2013,316,10052564.36
2013,317,10045816.52
2013,318,10266399.25
2013,319,10228987.78
2013,320,10376181.24
2013,321,10384468.18
2013,322,10363910.62
2013,323,10441924.21
2013,324,10484140.49
2013,325,10836198.42
2013,326,10869195.61
2013,327,10883892.71
2013,328,10879503.17
2013,329,10967074.75
2013,330,11089440.82
2013,331,11213633.07
2013,332,11422097.22
2013,333,11505798.83
2013,334,11791869.02
2013,335,11841140.93
2013,336,11805925.42
2013,337,11787625.39
2013,338,11837622.6
2013,339,12056672.45
2013,340,12158355.33
2013,341,12159042.38
2013,342,12122316.49
2013,343,12237879.49
2013,344,12256243.38
2013,345,12355375.94
2013,346,12296568.29
2013,347,12343863.22
2013,348,12536503.14
2013,349,12590019.73
2013,350,12663330.83
2013,351,12747691.09
2013,352,12783345.88
2013,353,12803740.75
2013,354,12755111.26
2013,355,12729372.87
2013,356,12666535.58
2013,357,12767006.25
2013,358,12968628.26
2013,359,13047304.58
2013,360,13084680.9
2013,361,13093418.32
2013,362,13194563.54
2013,363,13262797.52
2013,364,13265725.61
2013,365,13280401.38
2014,001,13397108.6
2014,002,13553412.16
2014,003,13536574.3
2014,004,13570543.73
2014,005,13590876.09
2014,006,13709993.71
2014,007,13685857.75
2014,008,13710886.64
2014,009,13782549.57
2014,010,13869659.09
2014,011,13904587.23
2014,012,13886911.76
2014,013,13893046.41
2014,014,13922099.86
2014,015,14060317.95
2014,016,14072209.19
2014,017,14104679.96
2014,018,14151616.8
2014,019,14201512.77
2014,020,14202697.88
2014,021,14256248.52
2014,022,14385560.61
2014,023,14456809.73
2014,024,14460991.98
2014,025,14515550.56
2014,026,14577900.99
2014,027,14506538.14
2014,028,14551966.21
2014,029,14447644.8
2014,030,14540440.16
2014,031,14723993.16
2014,032,14740136.03
2014,033,14777005.32
2014,034,14789652.69
2014,035,14818701.11
2014,036,14793879.02
2014,037,14863854.98
2014,038,14826577.87
2014,039,14767825.34
2014,040,14900165.72
2014,041,14916916.49
2014,042,14935187.8
2014,043,14811501.36
2014,044,14928018.46
2014,045,14831984.18
2014,046,14887703.04
2014,047,14940859.39
2014,048,14921184.2
2014,049,14918921.89
2014,050,14892014.17
2014,051,15030491.99
2014,052,15082727.5
2014,053,15101350.24
2014,054,15143601.08
2014,055,15295257.02
2014,056,15073518.65
2014,057,15231212.03
2014,058,15241159.55
2014,059,15208248.89
2014,060,15138090.0
2014,061,15034949.88
2014,062,15116922.34
2014,063,15143546.96
2014,064,15229540.49
2014,065,15298122.55
2014,066,15271206.1
2014,067,15191454.99
2014,068,15123174.47
2014,069,15073585.31
2014,070,14961386.93
2014,071,15238011.97
2014,072,15349623.78
2014,073,15523208.18
2014,074,15343435.84
2014,075,15224076.05
2014,076,15230439.04
2014,077,15252914.28
2014,078,15225751.5
2014,079,15235595.42
2014,080,15190125.43
2014,081,15406682.0
2014,082,15401700.29
2014,083,15188107.7
2014,084,15203531.1
2014,085,15143928.44
2014,086,15184162.0
2014,087,14995925.77
2014,088,14805114.56
2014,089,14772808.84
2014,090,14783331.04
2014,091,14789245.34
2014,092,14831205.44
2014,093,14790249.76
2014,094,14852533.61
2014,095,14848488.47
2014,096,14853649.69
2014,097,14634140.94
2014,098,14485804.79
2014,099,14588439.93
2014,100,14503596.07
2014,101,14494350.14
2014,102,14414081.95
2014,103,14298828.54
2014,104,14363987.53
2014,105,14385770.6
2014,106,14414142.26
2014,107,14186364.32
2014,108,14106455.22
2014,109,14003626.6
2014,110,13963436.7
2014,111,13976751.01
2014,112,14169107.47
2014,113,14106265.01
2014,114,14082165.79
2014,115,13984884.84
2014,116,13967198.52
2014,117,13849284.22
2014,118,13959969.4
2014,119,13895212.98
2014,120,13740297.9
2014,121,13688761.12
2014,122,13584106.8
2014,123,13597258.11
2014,124,13585436.85
2014,125,13586609.75
2014,126,13536437.02
2014,127,13418045.36
2014,128,13376847.78
2014,129,13414348.21
2014,130,13118394.93
2014,131,13044675.06
2014,132,12983584.57
2014,133,12771351.32
2014,134,12842910.23
2014,135,12858604.17
2014,136,12837269.69
2014,137,12848716.22
2014,138,12845136.96
2014,139,12783313.29
2014,140,12692172.96
2014,141,12563442.01
2014,142,12635359.86
2014,143,12627986.59
2014,144,12541744.86
2014,145,12489248.76
2014,146,12465345.32
2014,147,12337227.71
2014,148,12401853.58
2014,149,12364333.18
2014,150,12309540.78
2014,151,12244171.0
2014,152,12133577.6
2014,153,12057989.72
2014,154,12089410.38
2014,155,11935789.49
2014,156,11913387.96
2014,157,11868483.94
2014,158,11848270.63
2014,159,11744846.81
2014,160,11631043.12
2014,161,11557174.67
2014,162,11539573.81
2014,163,11489315.48
2014,164,11477193.55
2014,165,11441099.43
2014,166,11471595.67
2014,167,11505595.04
2014,168,11457947.35
2014,169,11430894.69
2014,170,11492415.26
2014,171,11360964.72
2014,172,11280620.99
2014,173,11043488.85
2014,174,10882569.44
2014,175,10644042.2
2014,176,10690343.26
2014,177,10644868.51
2014,178,10470277.77
2014,179,10359873.39
2014,180,10181637.01
2014,181,10083353.42
2014,182,9924100.19
2014,183,9698451.72
2014,184,9653885.05
2014,185,9454221.67
2014,186,9333398.48
2014,187,9240425.81
2014,188,9169913.72
2014,189,9201537.68
2014,190,8962222.18
2014,191,8806296.61
2014,192,8602852.41
2014,193,8660653.35
2014,194,8591471.07
2014,195,8413055.0
2014,196,8316250.88
2014,197,8178234.65
2014,198,8202296.6
2014,199,8172856.47
2014,200,8296371.92
2014,201,8196711.44
2014,202,8150732.18
2014,203,8120571.24
2014,204,7878697.47
2014,205,7821343.52
2014,206,7811138.97
2014,207,7822832.9
2014,208,7841044.94
2014,209,7692758.51
2014,210,7574751.57
2014,211,7584751.53
2014,212,7570363.01
2014,213,7393845.93
2014,214,7432222.55
2014,215,7363029.66
2014,216,7303071.67
2014,217,7230743.08
2014,218,7045433.18
2014,219,6966119.57
2014,220,6893556.55
2014,221,6815819.12
2014,222,6715023.73
2014,223,6606686.45
2014,224,6514416.43
2014,225,6455413.99
2014,226,6332381.25
2014,227,6282898.06
2014,228,6180730.06
2014,229,6132321.25
2014,230,6041624.62
2014,231,6022401.65
2014,232,5863196.62
2014,233,5864911.88
2014,234,5839347.75
2014,235,5854740.85
2014,236,5799069.85
2014,237,5805423.54
2014,238,5740040.04
2014,239,5753745.02
2014,240,5726643.85
2014,242,5640806.5
2014,243,5662447.6
2014,244,5664443.8
2014,245,5614804.07
2014,246,5601442.6
2014,247,5556144.87
2014,248,5485686.12
2014,249,5457652.97
2014,250,5463387.93
2014,251,5452872.9
2014,252,5445009.19
2014,253,5484827.62
2014,254,5450541.75
2014,255,5393757.27
2014,256,5359161.04
2014,257,5273467.46
2014,258,5217210.6
2014,259,5183166.13
2014,260,5126901.86
2014,261,5112053.67
2014,262,5066134.38
2014,263,5114198.09
2014,264,5105335.94
2014,265,5147963.11
2014,266,5207701.45
2014,267,5240159.13
2014,268,5345460.5
2014,269,5396014.26
2014,270,5498604.72
2014,271,5526258.92
2014,272,5526988.84
2014,273,5520688.22
2014,274,5550326.12
2014,275,5694275.31
2014,276,5809139.88
2014,277,5906954.3
2014,278,5866644.16
2014,279,6138340.13
2014,280,6175656.76
2014,281,6351629.8
2014,282,6433592.98
2014,283,6502783.71
2014,284,6638573.22
2014,285,6736184.75
2014,286,6858757.8
2014,287,6974516.74
2014,288,7129599.09
2014,289,7328164.06
2014,291,7579265.1
2014,292,7798563.82
2014,295,8197408.18
2014,296,8321890.93
2014,297,8577342.4
2014,298,8531378.26
2014,299,8689356.8
2014,300,8893481.46
2014,301,8997037.32
2014,302,9201584.55
2014,303,9312153.5
2014,304,9431256.18
2014,305,9549471.72
2014,306,9553968.26
2014,307,9657161.92
2014,308,9768749.58
2014,309,9796547.58
2014,310,9858499.13
2014,311,9887597.76
2014,312,10021447.48
2014,313,10083164.91
2014,314,10036222.18
2014,315,10077460.59
2014,316,10120682.47
2014,317,10217593.46
2014,318,10255833.45
2014,319,10345367.97
2014,320,10407979.98
2014,321,10423817.87
2014,322,10495864.7
2014,323,10570192.76
2014,324,10592560.77
2014,325,10682621.04
2014,326,10711151.18
2014,327,10812044.69
2014,328,10883694.06
2014,329,10988315.27
2014,330,11135161.95
2014,331,11259243.4
2014,332,11321831.67
2014,333,11464412.58
2014,334,11584853.15
2014,335,11688060.8
2014,336,11672842.01
2014,337,11648042.18
2014,338,11776806.24
2014,339,11827929.79
2014,340,11914551.33
2014,341,12062408.81
2014,342,12102076.33
2014,343,12190494.89
2014,344,12197267.85
2014,345,12332427.53
2014,346,12368785.57
2014,347,12458153.02
2014,348,12487646.31
2014,349,12548112.79
2014,350,12559634.3
2014,351,12613366.07
2014,352,12624111.71
2014,353,12772484.57
2014,354,12838699.64
2014,355,12878520.6
2014,356,12941634.54
2014,357,13032666.53
2014,358,13118531.91
2014,359,13145695.19
2014,360,13246190.27
2014,361,13320914.74
2014,362,13347324.69
2014,363,13249184.15
2014,364,13258891.97
2014,365,13330375.52
2015,001,13458792.51
2015,002,13485777.34
2015,003,13463546.4
2015,004,13485860.55
2015,005,13432288.1
2015,006,13558022.09
2015,007,13454269.23
2015,008,13549087.96
2015,009,13601800.74
2015,010,13571907.23
2015,011,13583614.34
2015,012,13759058.51
2015,013,13883488.43
2015,014,13912565.16
2015,015,13957537.43
2015,016,13977187.12
2015,017,14124163.71
2015,018,14247323.25
2015,019,14166930.7
2015,020,14211384.19
2015,021,14188040.03
2015,022,14294519.99
2015,023,14263914.67
2015,024,14335797.75
2015,025,14260232.16
2015,026,14287611.56
2015,027,14317811.5
2015,028,14225475.26
2015,029,14280581.08
2015,030,14320396.18
2015,031,14510162.85
2015,032,14537382.65
2015,033,14444606.78
2015,034,14424255.08
2015,035,14482287.92
2015,036,14603305.58
2015,037,14633112.74
2015,038,14694252.09
2015,039,14646905.3
2015,040,14775758.67
2015,041,14645529.23
2015,042,14718896.17
2015,043,14765766.26
2015,044,14775284.79
2015,045,14708222.81
2015,046,14682186.44
2015,047,14743868.52
2015,048,14736948.92
2015,049,14750769.09
2015,050,14616865.12
2015,051,14622189.53
2015,052,14764709.9
2015,053,14758508.64
2015,054,14817233.62
2015,055,14711381.32
2015,056,14710828.99
2015,057,14750448.68
2015,058,14765468.74
2015,059,14829888.9
2015,060,14856200.91
2015,061,14879824.28
2015,062,14910198.98
2015,063,14639860.58
2015,064,14742266.93
2015,065,14791623.0
2015,066,14838134.45
2015,067,14829863.19
2015,068,14607198.38
2015,069,14542121.19
2015,070,14527694.33
2015,071,14653205.82
2015,072,14465280.51
2015,073,14527274.23
2015,074,14563275.9
2015,075,14624900.13
2015,076,14666876.58
2015,077,14650959.93
2015,078,14653896.74
2015,079,14562390.36
2015,080,14634555.66
2015,081,14665870.36
2015,082,14662842.4
2015,083,14632903.29
2015,084,14576287.17
2015,085,14651512.02
2015,086,14765578.72
2015,087,14754867.69
2015,088,14727724.5
2015,089,14541059.42
2015,090,14560641.76
2015,091,14540332.07
2015,092,14534051.93
2015,093,14545228.44
2015,094,14349366.24
2015,095,14306550.94
2015,096,14358454.06
2015,097,14381236.21
2015,098,14271595.59
2015,099,14266447.27
2015,100,14287883.95
2015,101,14354928.41
2015,102,14378562.11
2015,103,14315299.14
2015,104,14295510.35
2015,105,14095737.01
2015,106,14049007.27
2015,107,14146620.37
2015,109,14132832.83
2015,110,14106664.69
2015,111,14068858.74
2015,112,14074405.03
2015,113,14049284.88
2015,114,13979381.56
2015,115,13774525.21
2015,116,13740534.16
2015,117,13705325.43
2015,118,13516443.62
2015,119,13464387.74
2015,120,13406708.21
2015,121,13369056.76
2015,122,13408538.02
2015,123,13460030.19
2015,124,13429077.5
2015,125,13369597.6
2015,126,13127449.56
2015,127,13069231.32
2015,128,13057890.37
2015,129,13051967.98
2015,130,13005294.51
2015,131,12866284.81
2015,132,12715316.55
2015,133,12671910.56
2015,134,12773819.45
2015,135,12720616.95
2015,136,12585032.43
2015,137,12554988.89
2015,138,12676760.7
2015,139,12706237.88
2015,140,12712023.8
2015,141,12643908.56
2015,142,12379857.94
2015,143,12374938.39
2015,144,12370994.14
2015,145,12346639.84
2015,146,12238507.36
2015,147,11999256.6
2015,148,11749481.43
2015,149,11588809.98
2015,150,11543544.22
2015,151,11463187.34
2015,152,11451595.58
2015,153,11312353.73
2015,154,11269992.67
2015,155,11291461.27
2015,156,11338098.2
2015,157,11198822.94
2015,158,11125470.7
2015,159,11196357.18
2015,160,11193685.16
2015,161,11099129.03
2015,162,11085126.12
2015,163,11056571.8
2015,164,11030886.83
2015,165,10874614.98
2015,166,10791328.72
2015,167,10703551.89
2015,168,10664625.5
2015,169,10618863.37
2015,170,10584774.83
2015,171,10576792.9
2015,172,10595624.12
2015,173,10621786.39
2015,174,10558997.0
2015,175,10530039.3
2015,176,10544720.04
2015,177,10507518.34
2015,178,10489112.37
2015,179,10440206.6
2015,180,10349407.27
2015,181,10124151.28
2015,182,10087887.95
2015,183,9987642.31
2015,184,9913901.52
2015,185,9780991.86
2015,186,9697910.87
2015,187,9630207.59
2015,188,9503680.63
2015,189,9477038.25
2015,190,9261278.98
2015,191,9254563.95
2015,192,9152254.22
2015,193,9131597.47
2015,194,9115628.82
2015,195,8993383.2
2015,196,8764888.34
2015,197,8639767.1
2015,198,8574011.04
2015,199,8439945.65
2015,200,8409573.3
2015,201,8381601.27
2015,202,8288394.66
2015,203,8187744.23
2015,204,8096519.61
2015,205,8049084.69
2015,206,8044726.42
2015,207,7931530.06
2015,208,7846671.46
2015,209,7636791.51
2015,210,7357681.28
2015,211,7294502.62
2015,212,7186320.96
2015,213,7104096.42
2015,214,7008601.92
2015,215,6970004.77
2015,216,6918633.46
2015,217,6847484.62
2015,218,6719230.63
2015,219,6565442.69
2015,220,6546465.35
2015,221,6446197.31
2015,222,6430546.77
2015,223,6457745.09
2015,224,6407404.13
2015,225,6373110.5
2015,226,6041461.23
2015,227,6080352.11
2015,228,6074040.39
2015,229,6043310.19
2015,230,5928460.74
2015,231,5565394.53
2015,232,5575049.78
2015,233,5499179.86
2015,234,5423183.59
2015,235,5312515.96
2015,236,5315955.85
2015,237,5299582.51
2015,238,5228210.45
2015,239,5091267.41
2015,240,4972160.2
2015,241,4908478.12
2015,242,4884912.81
2015,243,4739046.06
2015,244,4678406.54
2015,245,4609153.09
2015,246,4609658.55
2015,247,4594178.54
2015,248,4607562.77
2015,249,4596740.36
2015,250,4548231.95
2015,251,4530801.43
2015,252,4505758.79
2015,253,4500650.19
2015,254,4546433.35
2015,255,4563953.81
2015,256,4561541.32
2015,257,4537790.32
2015,258,4459675.59
2015,259,4482967.56
2015,260,4442258.23
2015,261,4458714.75
2015,262,4528139.89
2015,263,4515359.95
2015,264,4585764.54
2015,265,4644687.91
2015,266,4856730.82
2015,267,4937771.53
2015,268,5001766.55
2015,269,4998639.51
2015,270,5004421.54
2015,271,5036950.57
2015,272,5172764.37
2015,273,5183385.26
2015,274,5407885.52
2015,275,5421126.08
2015,276,5445370.83
2015,277,5502947.0
2015,278,5658679.31
2015,279,5740658.95
2015,280,5751867.35
2015,281,5934273.76
2015,282,6101239.31
2015,283,6122031.65
2015,284,6166003.76
2015,285,6208017.4
2015,286,6306025.94
2015,287,6382253.85
2015,288,6628191.79
2015,289,6765169.93
2015,290,7321971.25
2015,291,7439394.1
2015,292,7593245.02
2015,293,7744744.22
2015,294,7821983.35
2015,295,7927707.25
2015,296,8027131.05
2015,297,8342708.32
2015,298,8470311.39
2015,299,8576346.61
2015,300,8649409.27
2015,301,8648639.28
2015,302,8715008.6
2015,303,8761186.34
2015,304,8982269.35
2015,305,9194598.41
2015,306,9263896.16
2015,307,9337598.38
2015,308,9349165.32
2015,309,9378500.2
2015,310,9419361.1
2015,311,9667651.61
2015,312,9810015.3
2015,313,9874438.78
2015,314,9949702.65
2015,315,10055179.53
2015,316,10114451.22
2015,317,10185752.26
2015,318,10365967.36
2015,319,10465396.43
2015,320,10543938.54
2015,321,10552015.05
2015,322,10627849.76
2015,323,10604798.23
2015,324,10604361.36
2015,325,10730614.33
2015,326,10844552.42
2015,327,10845231.53
2015,328,10860689.04
2015,329,10921302.57
2015,330,10915936.29
2015,331,10997887.75
2015,332,11014643.72
2015,333,11082726.11
2015,334,11184500.26
2015,335,11374163.04
2015,336,11408071.97
2015,337,11437576.65
2015,338,11666566.46
2015,339,11902196.66
2015,340,11958324.51
2015,341,11960739.04
2015,342,11825424.59
2015,343,11806875.45
2015,344,11862892.47
2015,345,11923274.55
2015,346,12124631.62
2015,347,12250852.77
2015,348,12285455.61
2015,349,12289626.34
2015,350,12351410.27
2015,351,12421454.47
2015,352,12459282.26
2015,353,12590585.55
2015,354,12777975.08
2015,355,12807733.65
2015,356,12881369.5
2015,357,12892203.27
2015,358,12845006.33
2015,359,12827798.17
2015,360,12812974.57
2015,361,12812974.57
2015,362,12947953.81
2015,363,12976455.64
2015,364,13029853.02
2015,365,13027597.06
2016,001,13095244.88
2016,002,13359000.37
2016,003,13474043.32
2016,004,13558970.55
2016,005,13803671.3
2016,006,13749092.15
2016,007,13701158.13
2016,008,13736694.98
2016,009,13618739.42
2016,010,13603509.32
2016,011,13612789.87
2016,012,13694569.62
2016,013,13729405.59
2016,014,13978890.36
2016,015,14035831.45
2016,016,14056341.14
2016,017,14083551.16
2016,018,14021606.71
2016,019,14056413.63
2016,020,14012063.06
2016,021,14106863.7
2016,022,14107347.18
2016,023,14155533.94
2016,024,14192413.19
2016,025,14175451.41
2016,026,14201377.83
2016,027,14183492.44
2016,028,14286825.6
2016,029,14345652.08
2016,030,14418667.57
2016,031,14416911.81
2016,032,14459371.37
2016,033,14583967.44
2016,034,14664886.82
2016,035,14734951.55
2016,036,14749112.88
2016,037,14767868.63
2016,038,14839908.9
2016,039,14857235.11
2016,040,14877738.34
2016,041,14812076.09
2016,042,14681982.59
2016,043,14669404.24
2016,044,14668022.89
2016,045,14681050.41
2016,046,14740767.08
2016,047,14810693.82
2016,048,14877388.46
2016,049,14796825.76
2016,050,14746346.1
2016,051,14807239.68
2016,052,14858876.83
2016,053,14807953.39
2016,054,14804524.65
2016,055,14922947.58
2016,056,14984443.9
2016,057,15030692.57
2016,058,15022781.92
2016,059,15032203.9
2016,060,15018130.87
2016,061,15077599.37
2016,062,14992619.81
2016,063,14938606.87
2016,064,14911012.28
2016,065,14805922.68
2016,066,14705713.52
2016,067,14748486.74
2016,068,14867229.46
2016,069,14816687.3
2016,070,14727221.17
2016,071,14696840.62
2016,072,14787086.91
2016,073,14782535.31
2016,074,14675449.45
2016,075,14612576.59
2016,076,14691523.15
2016,077,14686807.02
2016,078,14685516.69
2016,079,14599573.14
2016,080,14593010.73
2016,081,14765632.99
2016,082,14822066.97
2016,083,14805890.91
2016,084,14914333.49
2016,085,14901270.39
2016,086,14749423.03
2016,087,14699622.92
2016,088,14785260.32
2016,089,14759923.83
2016,090,14634587.76
2016,091,14589925.75
2016,092,14460546.83
2016,093,14278757.23
2016,094,14353961.78
2016,095,14295738.4
2016,096,14152146.63
2016,097,14303620.1
2016,098,14389705.65
2016,099,14305018.54
2016,100,14162920.18
2016,101,14168121.36
2016,102,14128138.41
2016,103,14028294.07
2016,104,13978192.22
2016,105,14015417.42
2016,106,14037892.39
2016,107,13903569.66
2016,108,13889696.01
2016,109,13943643.38
2016,110,13914461.69
2016,111,13791171.04
2016,112,13684027.1
2016,113,13696085.43
2016,114,13565367.12
2016,115,13559444.04
2016,116,13605642.98
2016,117,13537157.28
2016,118,13483509.38
2016,119,13285693.64
2016,120,13291510.17
2016,121,13303580.81
2016,122,13137429.07
2016,123,13117979.42
2016,124,13028235.14
2016,125,12950597.72
2016,126,12912785.89
2016,127,12724728.32
2016,128,12692989.47
2016,129,12628594.21
2016,130,12521553.64
2016,131,12607186.18
2016,132,12605774.67
2016,133,12561001.95
2016,134,12369699.54
2016,135,12153772.58
2016,136,12116609.76
2016,137,12121936.11
2016,138,12037002.67
2016,139,12018865.33
2016,140,11836693.6
2016,141,11808605.35
2016,142,11743312.62
2016,143,11716776.25
2016,144,11578387.43
2016,145,11402914.7
2016,146,11377055.74
2016,147,11375382.18
2016,148,11198652.95
2016,149,11156221.92
2016,150,11089059.04
2016,151,11059552.69
2016,152,11019133.62
2016,153,11030515.77
2016,154,10981124.6
2016,155,10875925.66
2016,156,10890522.06
2016,157,10913517.31
2016,158,10840350.26
2016,159,10745142.31
2016,160,10758918.47
2016,161,10732485.64
2016,162,10684756.16
2016,163,10721112.5
2016,164,10751286.89
2016,165,10752901.32
2016,166,10749625.77
2016,167,10660350.6
2016,168,10582864.59
2016,169,10540496.32
2016,170,10503208.3
2016,171,10474215.82
2016,172,10357798.49
2016,173,10086166.4
2016,174,9990154.55
2016,175,9893236.71
2016,176,9805189.08
2016,177,9747732.92
2016,178,9686616.81
2016,179,9830098.2
2016,180,9819537.36
2016,181,9664056.42
2016,182,9496516.26
2016,183,9344958.29
2016,184,9400581.8
2016,185,9374690.89
2016,186,9348355.59
2016,187,9273160.24
2016,188,9196773.88
2016,189,9160840.25
2016,190,8953915.53
2016,191,8802595.94
2016,192,8708157.97
2016,193,8626406.98
2016,194,8556688.46
2016,196,8302559.17
2016,197,8139126.06
2016,198,8016938.45
2016,199,7821939.87
2016,200,7640354.62
2016,201,7559202.83
2016,202,7499907.39
2016,203,7335689.1
2016,204,7312393.32
2016,205,7508350.95
2016,206,7446584.66
2016,207,7150008.03
2016,208,6953899.11
2016,209,6817687.01
2016,210,7001922.42
2016,211,6958151.03
2016,212,6803791.12
2016,213,6640968.9
2016,214,6498956.44
2016,215,6417884.52
2016,216,6218399.63
2016,217,6349124.45
2016,218,6439375.17
2016,219,6431191.81
2016,220,6424826.72
2016,221,6335948.88
2016,222,6273328.86
2016,223,6011117.69
2016,224,5940351.85
2016,225,5711681.32
2016,226,5668932.28
2016,227,5533715.03
2016,228,5638937.63
2016,229,5751994.16
2016,230,5567731.81
2016,231,5491381.42
2016,232,5390600.52
2016,233,5080214.51
2016,234,4828283.92
2016,235,5009922.83
2016,236,5151315.59
2016,237,4959325.21
2016,238,4688628.07
2016,239,4595699.19
2016,240,4799401.12
2016,241,4792963.2
2016,242,4659823.27
2016,243,4461999.73
2016,244,4331595.59
2016,245,4577102.04
2016,246,4518543.76
2016,247,4517220.84
2016,248,4592800.23
2016,249,4571635.19
2016,250,4267802.99
2016,251,4213397.05
2016,252,4213785.07
2016,253,4214142.54
2016,254,4143804.78
2016,255,4224211.68
2016,256,4278834.36
2016,257,4274263.36
2016,258,4332003.21
2016,259,4273268.92
2016,260,4201831.24
2016,261,4204331.24
2016,262,4316847.49
2016,263,4386861.05
2016,264,4387392.66
2016,265,4368973.89
2016,266,4613426.05
2016,267,4628959.77
2016,268,4664188.93
2016,269,4745119.0
2016,270,4889040.83
2016,271,4894313.28
2016,272,4963533.63
2016,273,5128959.63
2016,274,5114535.05
2016,275,5193524.14
2016,276,5182026.77
2016,277,5164297.83
2016,278,5168227.78
2016,279,5241726.15
2016,280,5303339.27
2016,281,5301838.15
2016,282,5304617.79
2016,283,5314546.93
2016,284,5365115.93
2016,285,5356647.06
2016,286,5532783.43
2016,287,5585241.47
2016,288,5712284.69
2016,289,5820527.84
2016,290,6025278.73
2016,291,6057829.24
2016,292,6123973.86
2016,293,6173545.1
2016,294,6547713.0
2016,295,6725503.64
2016,296,6772569.41
2016,297,6804614.48
2016,298,6975150.21
2016,299,7094541.51
2016,300,7035367.23
2016,301,7124166.54
2016,302,7160331.04
2016,303,7151071.81
2016,304,7185945.01
2016,305,7283405.46
2016,306,7321309.24
2016,307,7434105.71
2016,308,7537931.89
2016,309,7711940.9
2016,310,7855377.12
2016,311,8057176.99
2016,312,8424918.06
2016,313,8570717.92
2016,314,8697913.45
2016,315,8576299.45
2016,316,8617512.23
2016,317,8813473.45
2016,318,8853490.53
2016,319,8901540.61
2016,320,8936718.31
2016,321,9026576.66
2016,322,9002153.74
2016,323,8961388.06
2016,324,8816917.83
2016,325,9035914.73
2016,326,9041700.05
2016,327,9180174.49
2016,328,9276737.3
2016,329,9474596.02
2016,330,9736838.92
2016,331,9795727.48
2016,332,9911965.21
2016,333,10026648.84
2016,334,10123082.69
2016,335,10227956.32
2016,336,10379327.22
2016,337,10771914.9
2016,338,10690120.8
2016,339,10704537.88
2016,340,10807408.14
2016,341,11044179.38
2016,342,11102976.09
2016,343,11044331.41
2016,344,11044159.2
2016,345,11230783.98
2016,346,11608860.24
2016,347,11742165.56
2016,348,11762663.19
2016,349,11783088.46
2016,350,12045393.06
2016,351,12021369.17
2016,352,12078971.36
2016,353,12084296.67
2016,354,12127187.84
2016,355,12239316.84
2016,356,12282074.8
2016,357,12584225.44
2016,358,12591746.62
2016,359,12349858.58
2016,360,12307550.51
2016,361,12543649.13
2016,362,12621425.3
2016,363,12619021.06
2016,364,12708339.65
2016,365,12821955.95
2016,366,12874220.54
2017,001,12857417.74
2017,002,12875695.85
2017,003,12977097.42
2017,004,13061192.77
2017,005,13185561.73
2017,006,13191752.65
2017,007,13154500.52
2017,008,13194224.77
2017,009,13323751.49
2017,010,13280568.47
2017,011,13312182.48
2017,012,13338775.99
2017,013,13234620.63
2017,014,13301576.24
2017,015,13250750.16
2017,016,13317438.56
2017,017,13390797.01
2017,018,13365280.77
2017,019,13500457.33
2017,020,13748098.25
2017,021,13794883.85
2017,022,13853310.55
2017,023,13929731.87
2017,024,14017822.44
2017,025,14023231.9
2017,026,14116477.39
2017,027,14054837.5
2017,028,13917073.32
2017,029,13943729.37
2017,030,13990055.08
2017,031,14086396.0
2017,032,14162439.33
2017,033,14184932.8
2017,034,14293782.97
2017,035,14359092.42
2017,036,14233081.42
2017,037,14275255.47
2017,038,14327283.22
2017,039,14282489.64
2017,040,14410675.97
2017,041,14321242.37
2017,042,14320029.23
2017,043,14301110.07
2017,044,14287848.21
2017,045,14416416.24
2017,046,14483417.96
2017,047,14507879.93
2017,048,14501013.36
2017,049,14612376.05
2017,050,14743197.88
2017,051,14748073.71
2017,052,14799213.12
2017,053,14851643.81
2017,054,14715178.92
2017,055,14644164.13
2017,056,14628334.77
2017,057,14624987.85
2017,058,14652501.64
2017,059,14694831.28
2017,060,14709669.83
2017,061,14767989.99
2017,062,14779509.17
2017,063,14691206.12
2017,064,14755822.4
2017,065,14736262.26
2017,066,14706492.16
2017,067,14672950.01
2017,068,14581546.12
2017,069,14589625.73
2017,070,14580261.15
2017,071,14588319.18
2017,072,14642818.6
2017,073,14599567.32
2017,074,14627056.7
2017,075,14515288.97
2017,076,14520536.3
2017,077,14566076.74
2017,078,14473975.67
2017,079,14369580.14
2017,080,14306701.91
2017,081,14187549.91
2017,082,14177037.62
2017,083,14314828.26
2017,084,14284851.75
2017,085,14312993.35
2017,086,14294050.8
2017,087,14427147.77
2017,088,14462795.31
2017,089,14297576.16
2017,090,14228991.94
2017,091,14302772.46
2017,092,14304494.53
2017,093,14287391.13
2017,094,14231317.86
2017,095,14150813.19
2017,096,14216244.55
2017,097,14264925.84
2017,098,14234581.11
2017,099,14271527.43
2017,100,14210726.94
2017,101,14073059.86
2017,102,14028198.51
2017,103,14054850.01
2017,104,13938956.83
2017,105,13956515.24
2017,106,14029515.71
2017,107,13943667.31
2017,108,13876309.17
2017,109,13747474.28
2017,110,13791255.32
2017,111,13784916.52
2017,112,13693516.68
2017,113,13651809.97
2017,114,13669122.01
2017,115,13643261.81
2017,116,13639626.9
2017,117,13599308.77
2017,118,13563185.13
2017,119,13542587.91
